Date,Open,High,Low,Close,Volume
24.620001,24.690001,24.24,24.389999,23.132627,73400
24.41,24.57,24.26,24.4,23.142111,83100
24.469999,24.52,24.209999,24.35,23.094683,126000
24.18,24.27,23.67,23.68,22.459227,87800
23.83,24.08,23.700001,23.879999,22.648911,42400
24.0,24.02,23.799999,23.9,22.667885,49900
23.959999,24.09,23.690001,23.76,22.535103,52400
23.629999,24.059999,23.51,23.950001,22.715305,84000
23.860001,23.969999,23.549999,23.780001,22.55407,93900
23.59,23.690001,22.52,23.059999,21.871189,167600
23.290001,23.57,23.290001,23.35,22.14624,47800
23.59,24.0,23.09,23.290001,22.089334,132100
23.4,23.700001,23.23,23.59,22.373869,140300
23.530001,23.99,23.51,23.85,22.620462,56700
23.799999,23.91,23.5,23.530001,22.316961,54600
23.639999,23.91,23.540001,23.629999,22.411802,76100
23.68,23.93,23.51,23.67,22.449743,41700
23.530001,23.969999,23.530001,23.58,22.364378,161500
23.58,23.91,23.450001,23.68,22.459227,117200
23.6,24.57,23.59,24.5,23.236956,98600
24.51,24.52,23.950001,24.25,22.999842,100500
24.200001,24.459999,23.77,23.84,22.610981,73800
23.799999,24.0,23.51,23.639999,22.421286,48000
23.719999,23.719999,23.299999,23.370001,22.165207,51100
23.379999,23.780001,23.24,23.690001,22.468708,85900
23.58,23.809999,23.450001,23.620001,22.402321,63100
23.709999,24.26,23.48,24.030001,22.791183,59900
24.08,24.08,23.299999,23.42,22.212624,66000
23.43,23.43,23.129999,23.25,22.051392,71800
22.9,23.42,20.030001,22.65,21.482327,594900
22.639999,23.110001,21.969999,22.809999,21.634071,126300
22.889999,23.59,22.67,22.73,21.558199,160900
23.07,23.379999,22.77,23.34,22.136751,168100
23.190001,23.870001,23.16,23.68,22.459227,98600
23.5,23.73,23.23,23.450001,22.264593,86500
23.6,23.879999,23.35,23.42,22.236101,157300
23.34,23.799999,23.280001,23.42,22.236101,126200
23.309999,24.07,23.190001,23.799999,22.596891,95400
23.67,24.1,23.33,23.74,22.539923,74400
23.59,24.0,23.32,23.540001,22.35004,85600
23.52,23.9,23.43,23.450001,22.264593,114200
23.01,23.75,23.01,23.34,22.160147,171800
22.43,22.690001,21.709999,21.709999,20.612543,232500
22.190001,22.799999,21.99,22.110001,20.992331,153500
22.469999,22.84,21.82,22.23,21.106253,211200
22.309999,22.99,22.309999,22.959999,21.799358,613800
22.84,23.290001,22.68,23.24,22.065203,240900
23.0,23.620001,22.75,22.950001,21.789862,216700
22.65,22.75,21.879999,21.959999,20.849905,210700
22.219999,22.219999,22.0,22.190001,21.068285,260500
22.280001,22.92,22.200001,22.440001,21.305643,133500
22.18,22.809999,22.18,22.639999,21.495531,132500
22.92,23.23,22.76,23.0,21.837334,85200
23.15,23.15,22.629999,22.68,21.533512,63500
22.629999,22.969999,22.540001,22.610001,21.467047,30400
22.450001,22.92,22.27,22.780001,21.62846,78100
22.76,22.799999,22.200001,22.43,21.296152,105600
22.450001,22.58,22.16,22.27,21.144241,42800
22.360001,22.469999,22.1,22.16,21.039799,47200
22.17,22.700001,22.120001,22.280001,21.153732,85100
22.030001,22.23,21.530001,21.620001,20.527096,188500
21.639999,21.950001,21.42,21.74,20.641026,114400
21.49,21.66,21.27,21.4,20.318213,177500
21.42,21.709999,20.92,21.209999,20.137817,191000
21.15,21.280001,20.98,21.049999,19.985909,69700
21.190001,21.43,20.709999,20.790001,19.739056,159500
20.799999,21.0,20.6,20.67,19.625118,101000
20.85,21.290001,20.59,20.889999,19.833996,246000
21.0,21.83,21.0,21.59,20.498613,184800
21.65,21.799999,21.26,21.65,20.55558,52800
21.559999,21.709999,21.299999,21.59,20.498613,47600
21.690001,21.93,21.530001,21.85,20.745466,69100
21.74,21.74,21.02,21.23,20.156805,142000
21.25,21.549999,21.049999,21.200001,20.12833,183500
21.120001,21.24,21.09,21.200001,20.12833,91000
21.26,21.540001,21.24,21.459999,20.375179,78800
21.42,21.75,21.41,21.690001,20.593559,28600
21.51,22.190001,21.51,21.940001,20.830921,128400
21.870001,22.07,21.6,21.99,20.878393,151300
22.02,22.24,21.4,22.209999,21.087273,122800
22.299999,22.370001,21.76,21.92,20.811934,62000
21.780001,22.110001,21.77,22.030001,20.916374,80300
21.950001,22.360001,21.879999,22.25,21.125244,74500
22.26,22.32,21.98,22.059999,20.944855,146200
22.120001,22.129999,21.639999,21.83,20.726482,92000
21.940001,22.17,21.65,21.99,20.878393,171200
22.0,22.059999,21.76,21.85,20.745466,48200
21.709999,21.84,21.27,21.43,20.346701,60600
21.459999,22.27,21.379999,22.209999,21.087273,90000
22.030001,22.15,21.389999,21.540001,20.451139,126100
21.459999,21.68,21.25,21.51,20.422657,121100
21.49,21.75,21.4,21.6,20.508106,185500
21.549999,21.68,21.42,21.459999,20.375179,186300
21.299999,22.16,21.01,21.98,20.868895,117800
22.040001,22.959999,21.950001,22.940001,21.780373,176900
23.0,24.17,22.700001,24.129999,22.910213,170300
24.129999,24.129999,23.1,23.35,22.169641,167600
23.35,23.59,23.27,23.450001,22.288454,238900
23.83,24.120001,23.5,23.799999,22.621111,188800
23.610001,23.629999,23.139999,23.15,22.003313,159200
23.040001,23.82,22.879999,23.620001,22.450033,115200
23.5,23.780001,23.23,23.719999,22.545078,82300
23.719999,24.51,23.620001,24.4,23.191397,221100
24.32,24.959999,24.27,24.879999,23.647617,201500
24.870001,24.870001,23.870001,23.950001,22.763687,126800
24.09,24.370001,23.98,24.09,22.896749,129200
23.969999,24.75,23.879999,24.5,23.286446,279000
24.379999,25.17,24.129999,24.870001,23.638115,194900
24.91,25.17,24.889999,24.940001,23.704647,90700
24.959999,25.129999,24.73,24.790001,23.562078,85100
24.93,25.02,24.65,24.690001,23.467033,143800
24.93,24.93,24.58,24.84,23.609602,108100
24.84,25.959999,24.84,25.559999,24.293941,201300
25.559999,25.790001,24.629999,24.67,23.448025,164300
24.68,25.780001,24.66,25.59,24.322453,143400
25.59,25.690001,25.059999,25.23,23.980282,82100
24.98,25.190001,24.73,24.77,23.54307,61400
24.75,25.0,24.35,24.360001,23.153379,123200
24.42,24.629999,24.23,24.280001,23.077341,53200
24.0,24.139999,23.66,23.959999,22.773186,111500
23.92,24.540001,23.84,24.25,23.048826,161400
24.379999,24.530001,24.139999,24.34,23.134363,86700
24.43,24.58,24.110001,24.42,23.210405,75200
24.51,24.809999,24.23,24.389999,23.181894,63600
24.24,24.530001,24.1,24.370001,23.16288,234700
24.48,24.77,24.08,24.209999,23.010807,53500
24.290001,24.41,24.01,24.32,23.115356,57100
24.4,24.719999,24.35,24.700001,23.47654,93400
24.67,24.85,24.299999,24.4,23.191397,26800
24.360001,24.41,23.879999,24.27,23.067837,58300
24.48,24.92,24.16,24.690001,23.467033,61700
24.68,24.77,24.0,24.190001,22.991798,63000
24.27,24.5,23.73,24.1,22.906256,163200
23.85,23.85,23.24,23.43,22.269444,93200
23.42,23.610001,23.07,23.49,22.326469,131100
23.25,23.450001,23.17,23.370001,22.212414000000006,51300
22.959999,23.209999,22.559999,22.82,21.689661,75600
22.91,23.110001,22.42,22.59,21.471052,121000
22.67,22.809999,22.35,22.459999,21.34749,90700
22.540001,22.76,22.129999,22.58,21.461548,144400
22.58,22.76,21.91,22.209999,21.109875,270300
22.35,22.629999,21.959999,22.5,21.385509,76500
21.99,22.43,21.82,22.200001,21.100368,129400
22.450001,22.48,21.700001,21.940001,20.853249,61200
21.629999,22.51,21.129999,22.35,21.242937,100100
22.34,22.639999,22.0,22.049999,20.957798,92800
22.33,22.52,21.889999,22.120001,21.024332,155400
22.08,22.209999,21.83,21.99,20.90077,71900
21.99,22.15,21.83,21.99,20.90077,61500
21.98,22.32,21.709999,21.91,20.824732,67000
22.040001,22.25,21.84,22.08,20.986317,57800
22.24,22.43,22.0,22.190001,21.090866,126200
22.309999,22.74,22.129999,22.48,21.366499,93700
22.34,22.530001,21.91,22.08,20.986317,150500
22.280001,22.280001,21.32,22.0,20.910275,108500
21.940001,22.07,21.200001,21.309999,20.254454,171700
21.299999,21.440001,20.82,20.9,19.864759,92900
20.73,21.110001,20.25,20.9,19.864759,76800
20.780001,21.209999,20.540001,20.66,19.636648,36900
20.73,21.08,20.379999,20.42,19.432051,61900
20.16,21.0,19.879999,20.75,19.746088,142600
20.82,20.82,20.32,20.41,19.422539,66900
20.639999,20.76,20.34,20.6,19.603344,122200
20.32,22.25,20.32,20.959999,19.945923,153000
20.870001,21.0,20.389999,20.559999,19.565279,238500
20.49,21.17,20.42,21.07,20.050606,59200
21.209999,21.48,20.73,20.83,19.82221,84300
20.68,20.879999,20.0,20.059999,19.089466,142800
19.799999,20.09,19.030001,20.08,19.1085,227800
20.27,21.4,20.27,20.950001,19.936411,180900
20.959999,21.219999,20.48,20.690001,19.688986,80200
20.58,20.9,20.530001,20.610001,19.612858,74600
20.65,20.709999,20.27,20.709999,19.708017,46900
20.559999,20.83,20.35,20.83,19.82221,106100
20.77,21.01,20.51,20.780001,19.774635,68300
20.780001,21.01,20.540001,20.799999,19.793667000000006,105200
20.74,20.99,20.290001,20.57,19.574795,112900
20.530001,20.530001,20.200001,20.32,19.336887,171400
20.35,20.620001,20.24,20.549999,19.555761,92500
20.74,20.83,20.219999,20.41,19.422539,56500
20.52,20.84,20.469999,20.799999,19.793667000000006,46100
20.799999,20.83,20.450001,20.59,19.593824,60700
20.540001,20.57,20.200001,20.35,19.365442,108400
20.25,20.559999,20.25,20.440001,19.451086,75800
20.389999,20.6,20.18,20.469999,19.47963,54400
20.610001,21.15,20.51,20.969999,19.955437,133900
20.84,21.02,20.549999,21.01,19.993507,96800
20.85,20.959999,20.559999,20.870001,19.860281,72500
20.780001,20.85,20.690001,20.76,19.755602,65200
20.690001,20.83,20.4,20.67,19.669958,183000
20.690001,20.9,20.57,20.799999,19.793667000000006,49200
20.73,21.17,20.73,21.16,20.136244,132000
21.18,21.469999,21.110001,21.34,20.307539,170200
21.290001,21.719999,21.290001,21.610001,20.564482,77800
21.52,21.74,21.34,21.700001,20.650126,85100
21.719999,21.940001,21.450001,21.860001,20.802383,123100
21.76,21.92,21.549999,21.66,20.612059,113400
21.620001,21.709999,21.360001,21.6,20.55496,54600
21.450001,21.67,21.25,21.379999,20.345606,55900
21.459999,21.6,21.34,21.530001,20.48835,71400
21.629999,21.950001,21.469999,21.540001,20.497864,131700
21.530001,22.24,21.32,22.049999,20.983189000000007,196800
22.1,22.389999,21.959999,22.309999,21.23061,86600
22.35,22.379999,22.190001,22.24,21.163994,38000
22.120001,22.200001,21.700001,21.85,20.792864,244800
21.709999,22.27,21.67,22.27,21.192549,174700
22.24,22.469999,22.059999,22.32,21.240128,65400
22.23,22.459999,21.98,22.17,21.09738,89500
22.110001,22.41,22.049999,22.209999,21.13545,56700
23.0,23.75,22.74,23.360001,22.229809,357900
23.299999,23.85,23.17,23.73,22.581911,117500
24.0,24.6,23.48,24.309999,23.133844,363100
24.23,24.940001,24.23,24.700001,23.504982,156000
24.530001,24.879999,24.530001,24.85,23.647722,113600
24.73,24.76,24.43,24.43,23.248039,63300
24.549999,24.549999,24.01,24.200001,23.029173,162000
23.889999,23.940001,23.370001,23.76,22.61046,231000
23.639999,24.030001,23.6,23.65,22.505781,86100
23.74,23.790001,23.469999,23.469999,22.334484,101100
23.42,23.82,23.370001,23.709999,22.562872,51400
23.629999,23.940001,23.49,23.84,22.68659,94100
23.860001,24.08,23.66,23.73,22.581911,42600
23.690001,23.780001,23.309999,23.49,22.377096,58300
23.5,23.860001,23.309999,23.559999,22.443773,72100
23.450001,23.690001,23.389999,23.530001,22.415201,37800
23.5,23.799999,23.389999,23.58,22.462828,79700
23.52,23.99,23.26,23.35,22.243727,290300
23.32,23.440001,23.120001,23.280001,22.177048000000006,63400
23.25,23.25,22.83,23.110001,22.015095,67700
23.17,23.57,23.08,23.35,22.243727,47200
23.290001,23.34,22.959999,23.0,21.910311,65900
23.129999,23.379999,22.68,23.25,22.148466,306800
23.23,23.389999,22.959999,22.99,21.900785,59500
23.059999,23.110001,22.860001,22.9,21.81505,59800
22.85,23.32,22.85,23.209999,22.110359,290500
23.309999,23.74,23.18,23.540001,22.424726,82600
23.4,23.67,23.32,23.65,22.529514,61800
23.76,23.879999,23.67,23.790001,22.662886,62900
23.639999,23.73,23.35,23.4,22.291361,32200
23.35,23.58,23.219999,23.459999,22.348515,36800
23.51,23.549999,23.27,23.389999,22.281834,25700
23.4,23.540001,23.26,23.4,22.291361,33800
23.379999,23.450001,23.17,23.299999,22.196095,42500
23.26,23.389999,22.950001,23.049999,21.957943,43300
23.0,23.059999,22.57,22.68,21.605473,49400
22.620001,22.91,22.58,22.65,21.576891,58800
22.67,22.959999,22.65,22.719999,21.643576,57900
22.690001,22.9,22.41,22.82,21.73884,63300
22.790001,22.799999,22.299999,22.370001,21.31016,200600
22.530001,22.780001,22.48,22.48,21.414946,40000
22.77,22.84,22.4,22.700001,21.624523,89200
22.780001,22.780001,22.370001,22.530001,21.46258,69700
22.65,22.9,22.629999,22.85,21.767416,53600
22.17,22.65,22.110001,22.620001,21.548313,447400
22.34,22.389999,21.969999,22.01,20.967215,102700
22.190001,22.450001,22.040001,22.27,21.214899,79900
22.51,22.860001,22.51,22.809999,21.729309,62700
22.84,23.709999,22.77,23.68,22.558092,117300
23.629999,23.629999,23.120001,23.280001,22.177048000000006,51300
23.139999,23.16,22.950001,23.030001,21.938887,92300
22.959999,23.52,22.959999,23.469999,22.35804,59100
23.459999,23.700001,23.290001,23.66,22.53904,162400
23.780001,24.17,23.639999,24.049999,22.910566,104700
24.17,24.34,24.129999,24.26,23.110613,59700
24.379999,24.379999,24.15,24.16,23.015352,54300
24.200001,24.610001,23.809999,24.370001,23.215399,100100
24.6,24.700001,24.25,24.32,23.167768,56300
24.440001,24.48,24.139999,24.32,23.167768,94600
24.41,24.58,24.190001,24.370001,23.215399,47600
24.4,24.440001,24.040001,24.15,23.005823,85100
24.18,24.32,24.08,24.190001,23.043932,36600
24.08,24.48,24.08,24.43,23.272556,165200
24.469999,24.969999,24.450001,24.889999,23.710764,52000
24.780001,24.780001,24.530001,24.67,23.501192,33200
24.709999,24.870001,24.5,24.67,23.501192,66000
24.18,24.530001,24.110001,24.360001,23.205879,63700
24.290001,24.5,24.110001,24.48,23.320194,150100
24.42,24.67,24.290001,24.309999,23.158243,53700
24.43,24.43,23.549999,23.66,22.53904,145200
23.639999,23.75,23.32,23.370001,22.262781,58400
23.370001,23.6,23.280001,23.540001,22.424726,89000
23.51,23.540001,23.23,23.32,22.215149,49500
23.459999,23.77,23.459999,23.700001,22.57715,48200
23.67,24.120001,23.65,23.969999,22.834352,106100
23.99,24.040001,23.540001,23.549999,22.434252,65500
23.65,23.940001,23.299999,23.4,22.291361,42700
23.49,23.709999,23.360001,23.450001,22.338993,82000
23.32,23.799999,23.32,23.75,22.673117,93900
23.809999,24.09,23.67,23.9,22.816319,79100
23.879999,24.09,23.58,23.77,22.692211,69300
23.74,23.75,23.52,23.629999,22.558558,56000
23.540001,23.879999,23.540001,23.74,22.663568,38600
23.73,23.799999,23.379999,23.719999,22.64448,204800
23.620001,23.74,23.5,23.6,22.529921,276000
23.57,23.950001,23.57,23.870001,22.78768,32400
23.76,23.790001,23.549999,23.65,22.577656,95300
23.629999,23.809999,23.440001,23.76,22.682669,73700
23.74,23.91,23.4,23.49,22.424911,32300
23.49,23.65,23.379999,23.440001,22.377176,38200
23.58,23.719999,23.49,23.639999,22.568108,64400
23.559999,23.65,23.35,23.440001,22.377176,39800
23.450001,23.48,23.26,23.42,22.358082,49500
23.450001,23.93,23.41,23.84,22.759041,31300
23.780001,23.790001,23.43,23.68,22.606295000000006,43500
23.690001,23.889999,23.690001,23.85,22.768587,143500
23.799999,23.83,23.549999,23.6,22.529921,32600
23.530001,23.530001,23.02,23.030001,21.985769,115900
22.9,22.950001,22.74,22.85,21.813929,109100
22.75,22.889999,22.530001,22.809999,21.775742,59300
22.809999,22.879999,22.66,22.690001,21.66118,33700
22.700001,23.25,22.530001,23.01,21.966675,42300
22.959999,23.209999,22.959999,23.16,22.109871,82600
23.219999,23.27,22.959999,23.120001,22.071688,34300
23.17,23.26,22.98,23.07,22.023951,35200
23.209999,23.58,23.030001,23.379999,22.319899,70900
23.49,24.18,23.49,24.1,23.007248,56700
24.129999,24.219999,23.879999,24.049999,22.959518,56800
23.940001,24.0,23.469999,23.629999,22.558558,30100
23.549999,23.75,23.52,23.639999,22.568108,40200
23.6,23.790001,23.5,23.75,22.673117,24200
23.83,23.85,23.51,23.6,22.529921,42600
23.74,23.84,23.620001,23.65,22.577656,131500
23.68,23.809999,23.549999,23.629999,22.558558,37700
23.620001,23.76,23.389999,23.58,22.51083,76400
23.59,23.68,23.32,23.459999,22.396271,29900
23.360001,23.48,23.290001,23.42,22.358082,31000
23.15,23.35,23.059999,23.209999,22.157604,59000
23.370001,23.530001,23.370001,23.469999,22.405813,37900
23.389999,23.469999,23.110001,23.27,22.214884,58400
23.309999,23.57,23.190001,23.469999,22.405813,45500
23.34,23.66,23.219999,23.379999,22.319899,47600
23.43,23.690001,23.27,23.559999,22.491732,68000
23.57,24.16,23.559999,23.9,22.816319,130400
24.040001,24.41,23.799999,23.92,22.835411,59800
23.959999,24.549999,23.790001,24.5,23.389114000000006,90800
24.360001,24.5,24.01,24.35,23.245918,79900
24.18,24.4,23.870001,24.209999,23.112261,172600
24.360001,24.66,24.200001,24.290001,23.188633,33200
24.24,24.370001,24.16,24.26,23.159994,38400
25.25,25.290001,24.17,24.17,23.074074,185200
24.34,24.34,23.860001,24.02,22.93088,136000
23.870001,24.25,23.43,23.57,22.50128,131400
23.6,23.77,23.440001,23.639999,22.568108,118700
23.67,23.84,23.360001,23.440001,22.377176,144900
23.440001,23.860001,23.42,23.49,22.424911,123700
23.48,23.860001,23.379999,23.41,22.348536,82600
23.57,23.639999,23.42,23.48,22.415359,98500
23.719999,24.09,23.58,23.719999,22.64448,101700
23.84,24.41,23.73,24.26,23.159994,190800
23.950001,24.9,23.59,24.889999,23.810501,170200
25.0,25.459999,24.25,24.379999,23.32262,176500
24.389999,25.809999,24.389999,25.540001,24.432312,242600
25.91,25.98,25.379999,25.4,24.298388,148400
25.450001,25.59,25.200001,25.42,24.317516,91300
25.77,25.91,25.379999,25.809999,24.690603,180300
25.85,26.24,25.73,26.110001,24.977592,285600
26.16,26.440001,25.969999,26.42,25.274145,71500
26.5,26.6,26.370001,26.5,25.350676,48400
26.57,26.790001,26.5,26.73,25.570702,52900
26.75,27.1,26.6,27.02,25.848122,146300
27.0,27.129999,26.91,26.99,25.819422,48800
26.93,27.620001,26.870001,27.49,26.297739,126100
27.6,27.780001,27.290001,27.370001,26.182943,60200
27.23,27.629999,27.01,27.139999,25.962921,89700
27.139999,27.549999,27.1,27.290001,26.106415,111400
27.27,27.57,26.950001,27.5,26.307306,60200
27.709999,27.950001,27.6,27.790001,26.58473,83900
27.780001,28.190001,27.65,28.18,26.957813,189100
28.15,28.84,28.120001,28.59,27.350031,116400
28.59,28.809999,28.370001,28.780001,27.53179,79400
28.860001,28.860001,28.6,28.780001,27.53179,95300
28.65,28.84,28.549999,28.799999,27.55092,140600
28.799999,28.860001,28.540001,28.66,27.416994,95200
28.620001,28.83,28.33,28.530001,27.292633,108800
28.469999,28.809999,28.290001,28.620001,27.378733,110800
28.75,28.98,28.74,28.860001,27.608322,336300
29.0,29.059999,28.559999,28.73,27.483961,80900
28.879999,29.059999,28.620001,28.91,27.656155,79700
28.9,29.09,28.84,28.84,27.58919,50600
28.719999,28.85,28.459999,28.77,27.522221,54800
28.82,29.040001,28.58,28.690001,27.445696,28700
28.620001,29.110001,28.620001,28.93,27.675285,82600
28.870001,29.1,28.65,28.719999,27.474394,30700
28.700001,28.959999,28.65,28.77,27.522221,44300
28.719999,28.83,28.459999,28.639999,27.39786,56000
28.860001,28.860001,28.25,28.530001,27.292633,107900
28.66,28.879999,28.26,28.5,27.263939,130100
28.450001,28.76,28.0,28.280001,27.053476,93400
28.32,28.67,28.059999,28.17,26.948246,129900
28.040001,28.24,27.52,27.52,26.326437,79300
27.440001,27.65,27.32,27.51,26.316874,109600
27.540001,27.75,27.059999,27.67,26.469936,68300
27.709999,27.709999,27.139999,27.25,26.06815,63800
27.18,27.440001,27.030001,27.379999,26.192509,176700
27.33,27.459999,27.059999,27.290001,26.106415,60900
27.299999,27.370001,27.040001,27.27,26.08728,62100
27.200001,27.5,26.93,26.959999,25.790724,62700
26.93,27.129999,26.93,26.99,25.819422,61900
26.9,26.959999,26.48,26.6,25.446339,71600
26.76,27.030001,26.559999,26.889999,25.723763,51700
26.969999,27.09,26.809999,26.85,25.685495,29000
26.870001,27.01,26.620001,26.620001,25.465475,65100
26.6,26.719999,26.459999,26.52,25.36981,64800
26.51,26.51,26.18,26.23,25.092384,121600
26.25,26.25,25.93,25.950001,24.82453,221900
26.110001,26.43,25.85,26.07,24.939325,160600
26.0,26.110001,25.549999,26.01,24.881927,93800
26.18,26.5,26.040001,26.469999,25.321978,53300
26.15,26.639999,26.15,26.610001,25.455906,97900
26.65,26.889999,26.360001,26.469999,25.321978,44200
26.360001,26.51,26.15,26.4,25.255011,53200
26.41,26.629999,26.290001,26.360001,25.264601000000006,48600
26.540001,26.790001,26.360001,26.6,25.494627,43900
26.799999,26.950001,26.26,26.6,25.494627,87200
26.65,28.280001,26.65,27.5,26.357225,334900
27.4,27.82,27.26,27.67,26.520161,161000
26.360001,27.98,26.360001,26.82,25.705479,401400
26.6,26.799999,26.5,26.52,25.417948000000006,68800
26.65,27.299999,26.65,27.26,26.127195,79000
27.15,27.41,26.83,26.99,25.86842,27200
27.129999,27.200001,26.639999,26.76,25.647974,43400
26.540001,26.790001,26.540001,26.549999,25.446701,70200
26.52,26.59,26.299999,26.41,25.312519,134900
26.42,26.42,25.57,25.77,24.699116,124000
26.01,26.379999,25.860001,25.9,24.823713,55900
25.83,25.92,25.66,25.77,24.699116,41800
25.780001,26.07,25.459999,25.780001,24.708702,70400
25.68,25.889999,25.440001,25.83,24.75662,42600
25.700001,25.879999,25.549999,25.84,24.766211,45600
25.99,26.1,25.77,26.01,24.92914,63400
26.17,27.120001,26.07,26.32,25.226255,98900
26.700001,26.92,26.4,26.49,25.389194,86500
26.469999,26.620001,26.02,26.559999,25.456284,43300
26.370001,26.5,26.18,26.309999,25.216677,77400
26.370001,26.67,26.360001,26.620001,25.513796,53300
26.49,26.66,26.459999,26.629999,25.523376000000006,44500
26.700001,27.15,26.629999,27.059999,25.935513,92700
27.16,27.190001,26.860001,27.049999,25.925922,38300
27.110001,27.26,26.469999,26.540001,25.43712,90200
26.48,26.74,26.41,26.6,25.494627,64700
26.6,27.440001,26.6,27.059999,25.935513,144800
27.09,27.33,26.74,26.82,25.705479,117200
26.709999,26.75,26.379999,26.6,25.494627,78400
26.450001,26.959999,26.280001,26.93,25.810911,45300
26.9,27.200001,26.73,27.08,25.954679,77300
27.08,27.299999,26.85,27.040001,25.91634,79200
27.0,27.219999,26.950001,27.120001,25.993015,109400
27.040001,27.129999,26.719999,26.76,25.647974,69300
26.82,26.82,26.290001,26.41,25.312519,74200
26.49,26.610001,26.26,26.32,25.226255,77700
26.280001,26.48,26.08,26.32,25.226255,125800
26.219999,27.1,26.059999,26.860001,25.743822,164700
26.959999,27.450001,26.959999,27.09,25.964266,78300
27.030001,27.74,27.02,27.74,26.58725,142400
27.700001,27.74,27.290001,27.299999,26.165531,105400
27.15,27.370001,27.0,27.059999,25.935513,52300
27.01,27.51,27.01,27.49,26.347639,56500
27.41,27.42,27.08,27.42,26.28055,41400
27.5,27.6,27.27,27.41,26.270964000000006,43600
27.469999,27.610001,27.33,27.58,26.433901,93200
27.57,27.709999,27.469999,27.639999,26.491407,69600
27.76,28.17,27.639999,28.15,26.980215,219800
28.459999,28.82,28.299999,28.58,27.392342,66400
28.57,28.959999,28.32,28.82,27.622372,154100
28.120001,28.389999,27.01,27.16,26.031355,227700
27.27,27.75,27.24,27.35,26.213455,97100
27.33,27.559999,27.18,27.32,26.184706,39600
27.469999,28.07,27.41,27.58,26.433901,63900
27.59,27.59,27.139999,27.26,26.127195,113400
27.290001,27.32,26.969999,27.24,26.108025,73500
27.469999,27.469999,26.92,27.25,26.117615,93200
27.24,27.26,26.860001,26.98,25.858831,52900
27.1,27.4,26.99,27.26,26.127195,73300
27.17,27.59,27.120001,27.26,26.127195,70300
27.07,27.16,26.629999,26.969999,25.896748,54300
26.85,27.02,26.690001,26.709999,25.647091,56000
26.799999,27.139999,26.469999,26.49,25.43585,107700
26.450001,26.530001,25.98,26.17,25.128586,128300
25.860001,26.0,25.41,25.559999,24.542856,107200
25.620001,25.82,25.27,25.610001,24.590866,135800
25.66,26.42,25.530001,26.08,25.042166,112500
26.1,26.26,25.889999,26.139999,25.099779,72700
26.25,26.25,25.98,26.129999,25.090176,51000
26.129999,26.209999,25.91,26.110001,25.070974,41000
26.26,26.280001,26.0,26.09,25.051767,50200
26.1,26.360001,25.780001,26.219999,25.176596,81100
26.290001,26.440001,25.92,26.32,25.272614,150900
26.43,26.49,25.93,26.290001,25.243811,94600
26.48,26.65,26.24,26.629999,25.570274,64500
26.629999,27.379999,26.629999,26.91,25.839132,81100
26.9,26.93,26.59,26.73,25.666302,54200
26.67,26.68,26.440001,26.530001,25.47426,73000
26.43,26.43,26.1,26.23,25.186195,52800
26.360001,26.559999,26.139999,26.41,25.359034,63400
26.35,26.690001,26.35,26.559999,25.503065,83300
26.530001,26.84,26.530001,26.74,25.675901,109500
26.780001,27.040001,26.65,26.889999,25.819931,126600
26.879999,27.09,26.74,26.889999,25.819931,111100
26.68,27.120001,26.68,27.0,25.925558,88600
26.77,27.01,26.77,26.92,25.848738,104400
26.99,27.139999,26.799999,26.879999,25.810331,83100
26.799999,27.16,26.610001,26.76,25.695105,58200
26.780001,26.84,26.49,26.559999,25.503065,81900
26.59,26.709999,26.42,26.549999,25.493462,29700
26.639999,26.709999,26.4,26.629999,25.570274,185600
26.639999,26.93,26.610001,26.82,25.752718,124800
26.67,26.959999,26.67,26.790001,25.723913,40900
26.879999,26.969999,26.76,26.85,25.781523,30400
26.780001,26.99,26.690001,26.99,25.915953,53000
27.0,27.08,26.76,26.959999,25.887146,55800
27.0,27.26,27.0,27.219999,26.136799,26400
27.209999,27.42,26.709999,26.98,25.906349,92500
26.93,26.93,26.51,26.57,25.512663,85800
26.59,26.93,26.59,26.879999,25.810331,82200
26.870001,27.02,26.370001,26.43,25.378241,52600
26.42,26.549999,26.200001,26.379999,25.330229,65000
26.5,27.049999,26.4,26.530001,25.47426,68600
26.530001,26.82,26.27,26.82,25.752718,70000
26.809999,27.209999,26.450001,26.700001,25.637497,62100
26.690001,27.049999,26.540001,26.690001,25.62789,107200
26.68,26.879999,26.110001,26.23,25.186195,127300
26.219999,26.51,26.209999,26.360001,25.311026,108000
26.389999,26.450001,26.120001,26.35,25.30142,41200
26.540001,26.610001,26.23,26.389999,25.33983,87600
26.379999,26.59,26.200001,26.540001,25.483862,303700
26.6,27.059999,26.469999,26.799999,25.733513,86800
26.82,26.82,26.41,26.49,25.43585,68000
25.6,26.08,24.07,24.23,23.265785,317900
24.09,24.940001,23.59,24.91,23.918724,455900
24.9,25.08,24.370001,24.389999,23.419418,172100
24.540001,24.73,24.34,24.709999,23.726681,90500
24.77,24.860001,24.57,24.83,23.841906,237100
24.860001,24.969999,24.68,24.77,23.784294,61800
24.76,24.889999,24.549999,24.620001,23.640268,72900
24.610001,24.799999,24.16,24.24,23.275389,100900
24.219999,24.84,24.1,24.32,23.352203,84400
24.200001,24.549999,23.73,24.52,23.544245,78000
24.389999,24.59,24.27,24.34,23.419165,44300
24.84,24.91,24.190001,24.219999,23.303699,122500
24.27,24.65,24.27,24.48,23.553871,52900
24.51,24.51,24.0,24.07,23.159376,116200
24.110001,24.59,24.110001,24.17,23.255594,54600
24.09,24.4,23.9,23.92,23.015049,59400
23.83,24.35,23.67,24.15,23.236349,60900
24.139999,24.16,23.959999,24.110001,23.197866,43900
24.360001,24.52,23.959999,24.309999,23.390299,55800
24.129999,24.51,23.77,24.280001,23.361435,126800
24.41,24.959999,24.219999,24.34,23.419165,131300
24.26,24.799999,24.26,24.389999,23.467270000000006,99500
24.42,24.530001,24.08,24.299999,23.380674,99500
24.24,24.52,24.190001,24.27,23.35181,108000
24.27,24.4,23.91,24.219999,23.303699,141200
24.27,24.540001,24.27,24.49,23.563488,223200
24.51,24.58,24.290001,24.299999,23.380674,63300
24.280001,24.5,24.049999,24.209999,23.294081,94300
24.209999,24.32,23.9,23.959999,23.053539,83700
24.02,24.059999,23.5,23.57,22.678293,177800
23.549999,23.889999,23.15,23.309999,22.428127,208800
23.370001,23.67,23.370001,23.5,22.610941,99500
23.450001,24.110001,23.450001,23.91,23.005432,74100
23.879999,24.27,23.879999,24.15,23.236349,125000
24.129999,24.469999,23.780001,23.969999,23.06316,103100
24.0,24.190001,23.799999,23.92,23.015049,316100
23.950001,24.35,23.889999,24.200001,23.284462,121500
24.15,24.379999,24.110001,24.17,23.255594,123300
24.190001,24.74,24.040001,24.5,23.573111,156900
24.530001,24.98,24.51,24.9,23.957979,187400
24.860001,25.129999,24.860001,24.969999,24.02533,148400
25.0,25.299999,24.959999,25.219999,24.265869,198300
25.280001,25.51,25.190001,25.4,24.439062,87400
25.540001,25.780001,25.219999,25.74,24.766199,111100
25.719999,26.059999,25.530001,25.92,24.939388,106800
25.879999,25.879999,25.530001,25.6,24.631495,60700
25.620001,25.799999,25.549999,25.73,24.756571,70900
25.84,25.93,25.549999,25.93,24.949009,72400
26.0,26.16,25.870001,25.92,24.939388,80400
25.92,26.08,25.809999,25.84,24.862415,154900
25.790001,25.950001,25.469999,25.530001,24.564142,65100
25.469999,25.540001,25.290001,25.370001,24.410198,47600
25.549999,25.690001,25.4,25.620001,24.65074,54300
25.709999,25.709999,25.33,25.4,24.439062,33100
25.299999,25.52,25.27,25.4,24.439062,27600
25.440001,25.49,25.280001,25.32,24.362091,52500
25.299999,25.51,25.25,25.43,24.467924,56900
25.48,25.48,24.99,25.0,24.054193,97900
25.07,25.23,24.969999,24.99,24.044567,36500
24.91,25.17,24.82,24.99,24.044567,77600
25.09,25.15,24.700001,24.709999,23.775162,123300
24.66,24.74,24.26,24.5,23.573111,126600
24.549999,24.85,24.32,24.5,23.573111,219000
24.33,24.530001,23.92,24.01,23.101648,149900
23.6,25.91,23.6,25.9,24.920145,285400
25.959999,25.959999,25.43,25.58,24.612251,97000
25.610001,25.969999,25.219999,25.4,24.439062,99300
25.459999,25.950001,25.389999,25.9,24.920145,71600
26.0,26.0,25.370001,25.709999,24.737331,91600
25.889999,26.059999,25.809999,25.940001,24.958632,77100
25.940001,26.0,25.66,25.74,24.766199,48700
25.620001,25.84,25.51,25.700001,24.727713,57600
25.76,25.82,25.26,25.4,24.439062,92800
25.299999,25.360001,25.059999,25.15,24.198517,62000
25.030001,25.219999,24.940001,25.030001,24.083059,71000
25.030001,25.1,24.879999,24.889999,24.020329,55100
24.85,25.280001,24.540001,24.629999,23.769411,69200
24.5,24.690001,24.459999,24.57,23.71151,52200
24.459999,24.85,24.459999,24.629999,23.769411,120900
24.459999,24.780001,24.459999,24.68,23.817669,133900
24.559999,25.040001,24.549999,24.969999,24.097534,137100
24.959999,25.059999,24.73,24.799999,23.933474,61500
24.860001,25.09,24.549999,25.07,24.19404,95400
25.18,25.200001,24.969999,25.01,24.136139,38800
25.110001,25.110001,24.57,24.74,23.875568,35700
24.74,25.059999,24.74,24.93,24.058933,68900
25.030001,25.290001,24.879999,25.219999,24.338797,79100
25.24,25.860001,24.809999,25.790001,24.888887,139900
26.01,26.030001,25.48,25.620001,24.724823,105800
25.709999,25.790001,25.290001,25.67,24.773077,87800
25.889999,26.059999,25.709999,25.92,25.014341,66400
25.92,26.190001,25.76,26.120001,25.207354,78700
26.1,26.57,25.709999,26.49,25.564423,100400
26.469999,26.67,26.219999,26.52,25.593376,82900
26.530001,26.780001,26.34,26.629999,25.699532,535800
26.639999,26.66,26.23,26.34,25.419668,80200
26.360001,26.5,26.200001,26.33,25.410013,78500
26.27,26.540001,26.15,26.299999,25.38106,70700
26.290001,26.290001,25.83,25.84,24.93714,58300
25.860001,26.32,25.860001,26.209999,25.294207,199800
26.379999,26.469999,26.139999,26.23,25.313509,107200
26.32,26.5,26.18,26.27,25.352112,125400
26.35,26.35,25.9,26.01,25.101196,75200
26.120001,26.120001,25.879999,25.9,24.995041,91300
26.07,26.120001,25.530001,25.75,24.850283,81200
25.77,25.84,25.6,25.65,24.753773,39900
25.59,25.799999,25.59,25.68,24.782726,44900
25.690001,26.17,25.690001,26.08,25.168749,61300
26.129999,26.129999,25.690001,25.709999,24.811678,56900
25.719999,25.98,25.57,25.959999,25.052942,105300
25.959999,26.309999,25.639999,26.209999,25.294207,119400
26.4,26.709999,26.27,26.459999,25.535473,130600
26.52,26.67,26.27,26.42,25.496868,69900
26.42,26.809999,26.280001,26.709999,25.776739000000006,110500
26.799999,26.799999,26.110001,26.15,25.236303,76400
26.049999,26.32,26.01,26.219999,25.303854,97900
26.219999,26.559999,26.219999,26.41,25.487219,82900
26.41,26.6,26.34,26.6,25.670582,135000
26.66,27.139999,26.65,26.73,25.796043,88900
26.860001,26.860001,26.139999,26.440001,25.516172,162300
26.450001,26.5,25.969999,26.110001,25.197704,159300
26.08,26.48,25.709999,26.110001,25.197704,175900
26.08,26.389999,25.790001,26.35,25.429317,86800
26.370001,26.65,25.950001,26.610001,25.680229,53700
26.77,27.23,26.559999,27.110001,26.162762,167500
27.16,27.25,26.73,26.98,26.037302,190800
27.1,27.67,26.620001,26.99,26.046959,73400
27.0,27.01,26.76,26.76,25.824991,435000
26.690001,26.91,26.66,26.83,25.892542,125100
26.889999,27.0,26.24,26.629999,25.699532,316600
26.51,26.700001,26.08,26.469999,25.545124,112600
26.450001,26.6,26.190001,26.290001,25.371414,81700
26.23,26.58,25.48,25.6,24.705523,207800
25.27,26.059999,25.15,25.860001,24.956436,169000
25.76,26.35,25.549999,26.25,25.332811,125300
26.32,26.32,25.799999,25.84,24.93714,84200
25.959999,25.959999,25.299999,25.77,24.941975,107400
25.690001,25.77,25.33,25.549999,24.729044,75400
25.459999,25.799999,25.26,25.52,24.700006,70900
25.309999,25.68,25.299999,25.43,24.612898,80800
25.620001,26.5,25.620001,26.25,25.406549,144400
26.49,27.9,26.48,27.639999,26.751886,211200
27.49,27.76,27.309999,27.59,26.703495,113400
27.57,27.83,27.32,27.35,26.471207,51300
27.389999,27.559999,27.08,27.32,26.442171,69300
27.370001,27.620001,27.26,27.51,26.626066,47300
27.799999,27.870001,27.549999,27.809999,26.916426,96300
27.92,28.030001,27.51,27.57,26.684139,70300
27.65,27.719999,27.209999,27.219999,26.345385,61700
27.15,27.639999,27.139999,27.559999,26.674459,184300
27.41,28.15,27.41,27.85,26.955141,149200
27.85,28.040001,27.51,27.690001,26.800283,90400
27.67,28.129999,27.450001,28.049999,27.148712,88700
27.92,28.049999,27.799999,27.969999,27.071283,57100
28.02,28.16,27.870001,28.0,27.100325,61800
28.120001,28.27,28.01,28.1,27.197109,149400
28.290001,28.42,28.120001,28.290001,27.381004,99600
28.34,28.49,27.940001,28.01,27.110001,110100
28.08,28.459999,28.01,28.33,27.419718,108300
28.299999,28.540001,28.08,28.290001,27.381004,237700
28.35,28.57,28.209999,28.41,27.49715,125100
28.41,28.719999,28.16,28.42,27.506826,65000
28.48,28.77,28.09,28.190001,27.28422,47200
28.209999,28.469999,28.110001,28.18,27.274536,61500
28.110001,28.25,27.799999,27.83,26.935781,69600
27.83,28.25,27.43,27.440001,26.558315000000004,144000
27.74,27.77,27.32,27.620001,26.732533,72800
27.610001,27.889999,27.35,27.49,26.606709,64900
27.459999,27.76,27.27,27.65,26.761566,86300
27.75,28.07,27.59,27.66,26.771244,91100
27.610001,27.860001,27.1,27.27,26.39378,78300
27.43,27.5,27.01,27.35,26.471207,291900
27.18,27.73,27.059999,27.639999,26.751886,121600
27.75,28.059999,27.530001,27.889999,26.993858000000003,92400
27.83,28.200001,27.540001,27.76,26.868032,115100
27.940001,28.110001,27.76,27.780001,26.887392,60800
27.98,28.08,27.76,27.83,26.935781,95300
27.809999,27.879999,27.48,27.65,26.761566,67500
27.790001,27.790001,27.610001,27.629999,26.742208,69100
27.75,27.84,27.58,27.84,26.945463,153000
28.0,28.27,27.93,28.17,27.26486,242700
28.25,28.4,28.16,28.299999,27.390684000000004,125500
28.32,28.549999,28.32,28.459999,27.545538,57500
28.360001,28.51,28.27,28.32,27.410036,35000
28.25,28.540001,28.16,28.450001,27.535864,97300
28.459999,28.469999,28.110001,28.23,27.322933000000006,77000
28.360001,28.93,28.35,28.58,27.661686,123200
28.35,28.959999,27.139999,27.57,26.684139,308200
27.540001,27.65,26.559999,26.66,25.803375,277500
26.690001,27.18,26.690001,26.85,25.987274,173600
26.77,26.950001,25.889999,26.030001,25.193619,151500
26.01,26.32,25.450001,26.27,25.425909,164900
26.24,26.43,26.040001,26.27,25.425909,118200
26.110001,26.24,25.66,25.68,24.854866,712600
25.690001,26.190001,25.58,26.08,25.242014,199000
26.049999,26.49,25.77,26.059999,25.222654,58800
26.02,26.120001,25.76,25.889999,25.058117000000006,64000
25.860001,25.98,25.709999,25.73,24.903259,93100
25.709999,25.709999,25.360001,25.58,24.758081,140900
25.389999,25.719999,25.370001,25.700001,24.947369,90800
25.700001,25.790001,25.469999,25.540001,24.792055,106100
25.48,25.559999,25.299999,25.33,24.588203,96700
25.360001,25.610001,25.18,25.549999,24.80176,149600
25.549999,25.639999,25.34,25.48,24.733812,79800
25.4,25.67,25.33,25.549999,24.80176,124300
25.59,25.76,25.360001,25.629999,24.879417,108100
25.66,25.66,25.35,25.360001,24.617327,179200
25.370001,25.440001,25.02,25.17,24.43289,76600
25.1,25.139999,24.85,25.0,24.267868,121800
25.0,25.27,25.0,25.16,24.423182,83600
24.99,25.4,24.889999,25.040001,24.306696,80900
25.25,25.58,25.09,25.360001,24.617327,94300
25.290001,25.32,25.049999,25.15,24.413477,82400
25.200001,25.200001,24.58,24.6,23.879581,89300
24.629999,24.77,24.42,24.629999,23.908701,101200
24.57,24.940001,24.469999,24.84,24.112551,97300
24.9,25.35,24.08,25.24,24.500839000000006,267600
25.32,25.370001,24.959999,25.200001,24.462011,81700
25.219999,25.360001,25.02,25.15,24.413477,64700
25.190001,25.280001,25.030001,25.07,24.335817,59600
25.17,25.17,24.799999,25.07,24.335817,78300
25.030001,25.049999,24.68,24.690001,23.966949,67000
24.790001,24.790001,24.4,24.559999,23.840752,66200
24.530001,24.700001,24.48,24.639999,23.918411,81800
24.639999,24.77,24.549999,24.6,23.879581,39200
24.59,24.73,24.42,24.690001,23.966949,48900
24.77,24.91,24.58,24.74,24.01548,72900
24.75,24.84,24.549999,24.790001,24.064018,85400
24.85,24.959999,24.469999,24.73,24.005775,191100
24.559999,24.74,24.41,24.66,23.937826,76500
24.58,24.879999,24.389999,24.790001,24.064018,55400
24.799999,25.110001,24.59,25.040001,24.306696,71400
25.02,25.049999,24.65,24.700001,23.976652,84900
24.74,24.83,24.450001,24.549999,23.831043,95300
24.32,24.74,24.32,24.67,23.947531,61000
24.799999,25.01,24.700001,24.83,24.102848,50900
24.85,24.959999,24.690001,24.9,24.170797,59000
24.98,25.030001,24.700001,24.790001,24.064018,51400
24.950001,25.23,24.83,24.950001,24.219334,92000
24.950001,25.1,24.780001,24.83,24.102848,107200
24.75,25.07,24.75,24.84,24.112551,81900
24.879999,24.98,24.66,24.969999,24.238747,35000
24.969999,25.290001,24.92,25.02,24.287283,55700
25.049999,25.129999,24.809999,24.92,24.19021,49000
24.92,25.0,24.809999,24.950001,24.219334,58300
24.959999,25.0,24.530001,24.780001,24.05431,48800
24.780001,24.860001,24.59,24.75,24.025192,49400
24.700001,24.99,24.700001,24.73,24.005775,78100
24.73,24.959999,24.73,24.92,24.19021,49100
24.9,24.950001,24.719999,24.809999,24.083433,43200
24.799999,24.940001,24.379999,24.540001,23.821341,44900
24.57,24.73,24.299999,24.629999,23.908701,65700
24.719999,24.799999,24.299999,24.32,23.607782,50300
24.25,24.6,24.02,24.09,23.384518,72900
24.09,25.049999,24.09,24.99,24.25816,143700
23.639999,24.34,22.16,23.92,23.219498,191900
23.77,24.08,23.290001,23.709999,23.015644,123900
23.780001,23.85,23.34,23.49,22.802088,116000
23.639999,24.33,23.59,24.25,23.539835,86600
24.25,24.469999,24.02,24.280001,23.568953,73400
24.16,24.299999,23.959999,23.99,23.287445,89700
24.030001,24.190001,23.6,23.639999,22.947697,65500
23.48,23.780001,23.43,23.540001,22.850626,28200
23.32,23.559999,23.09,23.25,22.641254,108200
23.18,23.35,22.93,23.02,22.417276,72200
22.93,23.27,22.889999,23.15,22.543871,77100
23.23,23.67,23.23,23.5,22.884708,84300
23.450001,23.639999,23.309999,23.4,22.787327,58900
23.379999,23.610001,22.99,23.549999,22.933397,79600
23.790001,24.07,23.67,23.969999,23.3424,77700
23.9,24.09,23.35,23.379999,22.767847,120100
23.35,23.379999,23.110001,23.24,22.631516,97800
23.26,23.360001,23.17,23.219999,22.61204,83900
23.190001,23.790001,23.1,23.66,23.04052,141200
23.66,23.68,23.25,23.389999,22.777588,50000
23.32,23.5,23.1,23.17,22.563349,42000
23.18,23.18,22.889999,22.940001,22.339369,113500
22.879999,23.07,22.65,22.77,22.173820000000006,77600
22.709999,22.799999,22.370001,22.42,21.832985,61600
22.35,22.48,22.25,22.379999,21.794029,95500
22.459999,22.459999,22.27,22.4,21.813507,87100
22.370001,22.77,22.23,22.65,22.056961,103700
22.75,22.799999,22.190001,22.370001,21.784294,89800
22.309999,22.629999,22.200001,22.58,21.988792,108000
22.530001,22.68,22.15,22.4,21.813507,102100
22.43,22.67,22.25,22.290001,21.70639,63200
22.290001,22.559999,22.23,22.43,21.842724,59600
22.43,22.57,22.15,22.16,21.57979,54500
22.15,22.42,22.0,22.1,21.521364,142500
22.049999,22.139999,21.950001,22.049999,21.472668,147600
22.139999,22.49,22.129999,22.450001,21.862198,70800
22.469999,22.549999,22.370001,22.379999,21.794029,335600
22.33,22.559999,21.889999,21.91,21.336336,104900
21.91,22.08,21.809999,21.85,21.277908,107200
21.889999,22.129999,21.67,21.790001,21.219482,170700
21.700001,21.82,21.52,21.530001,20.966288,82200
21.52,21.700001,21.49,21.549999,20.985762,98900
21.530001,21.889999,21.5,21.709999,21.141573,91200
21.77,21.809999,21.440001,21.459999,20.898121,92200
21.6,21.6,21.139999,21.17,20.615715,75000
21.08,21.09,20.66,20.780001,20.235926,85200
20.83,20.83,20.42,20.76,20.21645,75600
20.75,20.889999,20.59,20.809999,20.265139,57100
20.76,20.950001,20.709999,20.76,20.21645,45900
20.76,20.93,20.58,20.610001,20.070375,97200
20.57,20.74,20.209999,20.26,19.729542,124300
20.51,20.52,20.25,20.469999,19.93404,140800
20.42,20.57,20.030001,20.41,19.87561,84800
20.49,20.709999,20.35,20.67,20.128807,69400
20.629999,20.790001,20.59,20.65,20.109327,85700
20.58,20.58,20.07,20.23,19.700325,81100
20.190001,20.459999,20.049999,20.049999,19.525034,53400
20.01,20.110001,19.67,19.799999,19.281582,65600
19.6,19.85,19.200001,19.440001,18.931009,110100
19.370001,19.549999,19.16,19.16,18.658342,74800
19.23,19.51,19.139999,19.32,18.814148,90300
19.120001,19.35,18.9,19.17,18.668079,101300
19.290001,19.52,18.790001,18.889999,18.395409,68200
18.91,19.120001,18.540001,18.870001,18.375935,254400
19.110001,19.290001,18.889999,19.059999,18.560961,175300
18.780001,18.780001,14.57,14.97,14.578046,822500
15.02,15.42,14.9,15.34,14.938358,305000
15.3,16.629998999999998,15.3,15.73,15.318146,263000
15.75,16.23,15.74,16.120001000000002,15.697936,133600
16.09,16.35,15.7,16.209999,15.785576999999998,205300
16.77,17.559998999999998,16.73,17.01,16.564633999999998,271700
17.1,17.469998999999998,16.950001,17.200001,16.823837,229800
17.059998999999998,17.23,16.870001000000002,17.049999,16.677116,146300
16.9,17.33,16.9,16.92,16.549959,139700
16.969998999999998,16.99,16.200001,16.290001,15.933741,216600
16.24,16.530001000000002,16.110001,16.48,16.119585,115700
16.389999,16.709999,16.32,16.610001,16.246742,93000
16.549999,16.629998999999998,16.129998999999998,16.139999,15.787022,128600
15.99,16.32,15.63,15.67,15.327298,171100
15.77,16.6,15.77,16.41,16.051115,121700
16.389999,16.389999,16.1,16.15,15.796801,32300
16.33,16.48,16.059998999999998,16.360001,16.002207000000002,143000
16.34,16.34,16.110001,16.219998999999998,15.865269,83900
16.24,16.5,16.049999,16.5,16.139145000000006,147700
16.469998999999998,16.870001000000002,16.34,16.790001,16.422804,174100
16.790001,17.049999,16.48,17.040001,16.667337,177100
17.1,17.48,16.790001,17.190001000000002,16.814056,236800
17.299999,17.389999,16.450001,16.51,16.14893,300000
16.299999,16.629998999999998,16.0,16.459999,16.100020999999998,324900
16.459999,16.58,15.98,16.040001,15.689207,147200
16.02,16.280001000000002,15.64,16.110001,15.757676000000002,152200
16.16,16.34,15.91,16.059998999999998,15.708768,75500
16.290001,16.68,16.059998999999998,16.41,16.051115,403600
16.4,16.469998999999998,15.69,15.77,15.425112,102200
15.66,15.71,15.46,15.47,15.131673,147300
15.4,15.4,14.72,14.77,14.446982,181400
14.88,15.19,14.74,14.86,14.535014000000002,169600
14.86,15.43,14.86,14.89,14.564357,121000
14.85,15.16,14.75,14.76,14.437201000000002,140800
14.88,15.25,14.7,14.71,14.388293,355100
14.63,14.77,14.5,14.5,14.182885999999998,135500
14.52,15.17,14.52,15.13,14.799109,237300
14.95,15.35,14.86,15.33,14.994734,200700
15.31,15.78,15.31,15.61,15.26861,158700
15.64,15.71,15.3,15.5,15.161016,150100
15.32,15.86,15.29,15.59,15.249049,129600
15.51,15.71,15.27,15.39,15.053422,136500
15.53,16.08,15.53,15.94,15.591394,182700
15.94,16.200001,15.81,16.129998999999998,15.777237,79600
16.280001000000002,16.51,16.23,16.49,16.129366,101500
16.5,16.870001000000002,16.49,16.58,16.217396,61700
16.57,16.879998999999998,16.5,16.639999,16.276083,80500
16.540001,17.02,16.5,16.98,16.608648000000002,91600
16.860001,17.07,16.780001000000002,16.860001,16.491272,97800
16.82,17.0,16.58,16.99,16.618431,107800
17.07,17.389999,16.969998999999998,17.0,16.62821,133500
17.780001000000006,19.379999,17.76,19.26,18.838785,846900
19.33,19.790001,19.1,19.629999,19.200691,321400
19.4,19.870001,18.82,19.68,19.249599,171900
19.77,19.91,19.4,19.66,19.230038,126400
19.700001,19.780001,19.530001,19.75,19.318069,69400
19.959999,19.959999,19.42,19.43,19.005068,70500
19.4,19.75,19.4,19.68,19.249599,83100
19.690001,19.84,19.559999,19.709999,19.278944,82800
19.82,19.85,19.5,19.610001,19.181131,137800
19.540001,19.66,19.290001,19.450001,19.024632,95000
19.610001,19.76,19.32,19.709999,19.278944,74800
19.6,19.84,19.6,19.74,19.308289,83800
19.73,19.879999,19.629999,19.75,19.318069,55600
19.77,19.790001,19.33,19.41,18.985506,76400
19.34,19.48,18.889999,19.290001,18.868128,94500
19.15,19.15,18.549999,18.74,18.401705,79400
18.700001,19.18,18.549999,18.92,18.578457,164600
18.9,19.440001,18.85,19.379999,19.030149,126800
19.549999,19.67,19.35,19.41,19.05961,45800
19.299999,19.5,19.09,19.129999,18.784664000000006,89700
19.200001,19.639999,19.18,19.59,19.236359,146000
19.5,19.6,19.1,19.549999,19.197083,138100
19.66,20.059999,19.52,19.92,19.560404,133400
19.74,20.790001,19.530001,20.190001,19.825527,167000
20.389999,21.08,20.379999,21.0,20.620907,434100
21.1,21.34,20.940001,21.17,20.78784,145900
21.17,21.540001,21.040001,21.16,20.778017,158600
21.139999,21.290001,20.799999,20.98,20.601269,77400
20.879999,21.1,20.59,21.01,20.630726,124400
21.16,21.43,21.040001,21.43,21.043144,95300
21.52,21.610001,21.32,21.389999,21.003866,103900
21.41,21.65,21.280001,21.549999,21.160976,110900
21.48,21.48,20.66,20.780001,20.404881,94700
20.809999,20.809999,20.34,20.57,20.198669,95800
20.41,21.1,20.41,20.99,20.611088,138000
21.030001,21.1,20.709999,20.889999,20.512894,74500
20.790001,20.91,20.34,20.370001,20.002281,101800
20.299999,20.33,19.99,20.1,19.737154,103600
20.139999,20.18,19.9,19.950001,19.589863,73600
19.950001,20.059999,19.65,19.690001,19.334557,252800
19.76,20.059999,19.76,20.01,19.648779,165900
20.01,20.33,19.99,20.09,19.727335,79500
20.049999,20.049999,19.389999,19.43,19.079248,127900
19.43,19.76,19.379999,19.59,19.236359,98000
19.51,19.530001,18.799999,18.83,18.490078,131600
18.84,19.0,18.559999,18.91,18.568636,117000
18.99,19.190001,18.940001,19.139999,18.794485,39700
19.040001,19.23,18.879999,19.110001,18.765024,74900
19.18,19.290001,19.040001,19.219999,18.873037,57100
19.18,19.33,18.969999,19.25,18.902496,86700
19.25,19.42,19.139999,19.190001,18.843584,48600
19.190001,19.299999,18.959999,19.15,18.8043,79400
19.049999,19.389999,19.049999,19.139999,18.794485,98900
19.200001,19.450001,19.200001,19.43,19.079248,73900
19.450001,19.6,19.32,19.35,19.000692,40400
19.27,19.49,19.01,19.459999,19.108706,78300
19.43,19.43,18.85,18.879999,18.539177,53800
18.85,19.17,18.82,19.129999,18.784664000000006,51200
19.120001,19.190001,18.85,18.860001,18.519539,31700
19.0,19.49,18.870001,19.440001,19.089067,110000
19.4,19.440001,19.23,19.280001,18.931959,45900
19.360001,19.360001,18.93,19.059999,18.715929,63100
19.16,19.290001,18.889999,19.26,18.912317,76300
19.209999,19.43,19.09,19.41,19.05961,57900
19.309999,19.35,18.52,18.68,18.342785,59700
18.67,18.950001,18.610001,18.870001,18.529358,75100
18.889999,19.34,18.790001,19.25,18.902496,102200
19.120001,19.129999,18.790001,18.84,18.499899,129700
18.889999,18.98,18.629999,18.690001,18.352608,63800
18.67,18.860001,18.35,18.459999,18.126759,132400
18.52,18.58,17.26,17.549999,17.233187,286700
17.530001000000002,17.74,17.25,17.309998999999998,16.997519,198600
16.85,17.940001000000006,16.58,17.77,17.449217,280100
17.969998999999994,18.719999,17.84,18.299999,17.969646,178500
17.959999,18.74,17.959999,18.610001,18.27405,263100
18.4,18.75,18.35,18.690001,18.352608,179400
18.629999,19.059999,18.540001,18.74,18.401705,82700
18.58,19.26,18.5,19.219999,18.873037,89700
19.049999,19.5,19.049999,19.43,19.15399,72800
19.139999,19.59,19.02,19.43,19.15399,115600
19.450001,19.73,19.290001,19.370001,19.094843,102700
19.18,19.76,19.02,19.549999,19.272285,81500
19.6,19.879999,19.59,19.65,19.370865,78900
19.469999,19.959999,19.469999,19.559999,19.282143,91600
19.450001,19.879999,19.42,19.610001,19.331436,92100
19.68,20.33,19.68,20.309999,20.021488,96500
20.209999,20.52,20.049999,20.209999,19.922909,73200
20.059999,20.379999,19.98,20.18,19.893337,71500
20.290001,20.620001,20.209999,20.57,20.277796,68500
20.52,20.620001,19.629999,19.65,19.370865,77500
19.610001,19.610001,19.110001,19.18,18.907543,83000
19.26,19.290001,18.799999,19.0,18.730099,92700
18.73,18.790001,17.809998999999994,18.219999,17.961178,197000
18.16,18.459999,18.0,18.370001,18.109049,193600
18.5,19.049999,18.48,18.969999,18.700527,69100
18.99,19.33,18.51,18.790001,18.523083,78700
18.790001,18.85,18.57,18.74,18.473793,86800
18.870001,19.02,18.5,18.799999,18.53294,99000
18.790001,19.209999,18.780001,18.9,18.631519,96000
19.0,19.139999,18.52,18.610001,18.345638,84200
18.57,19.0,18.530001,18.82,18.552654,62300
19.030001,19.33,18.93,19.27,18.996262,80700
19.209999,19.66,19.15,19.52,19.242714000000007,46000
19.559999,19.68,19.33,19.4,19.124416,39100
19.469999,19.85,19.299999,19.34,19.065271,49000
18.629999,19.43,18.620001,19.4,19.124416,65900
19.57,19.57,19.27,19.35,19.075129,72700
19.17,19.280001,18.969999,19.110001,18.838539,77600
19.030001,19.26,18.700001,18.98,18.710382,72400
18.92,18.969999,18.58,18.73,18.463934,65900
18.76,18.77,18.51,18.73,18.463934,48700
18.719999,18.92,18.51,18.82,18.552654,60600
18.82,19.08,18.74,19.01,18.739958,295200
19.07,19.219999,18.57,18.67,18.404787,97400
18.73,18.870001,18.549999,18.84,18.572371,42800
18.799999,18.969999,18.790001,18.950001,18.680811,11700
18.809999,19.049999,18.66,19.02,18.749815,49700
18.969999,18.969999,18.43,18.459999,18.197769,39700
18.42,18.42,18.110001,18.23,17.971037,47000
18.280001,18.59,18.209999,18.57,18.306208,67700
18.559999,18.610001,18.26,18.379999,18.118906,40300
18.360001,18.690001,18.33,18.58,18.316065,43700
18.629999,18.709999,18.309999,18.67,18.404787,47300
18.610001,18.84,18.459999,18.5,18.237204,46000
18.440001,18.5,18.129999,18.309999,18.0499,52700
18.219999,18.379999,18.040001,18.200001,17.941465,43900
18.139999,18.35,18.07,18.09,17.833025,50000
18.09,18.48,18.07,18.440001,18.178055,47500
18.49,18.51,18.0,18.469999,18.207626,92700
18.389999,18.82,18.299999,18.780001,18.513224,45700
18.790001,19.120001,18.77,18.940001,18.670952,60600
19.01,19.309999,19.01,19.15,18.87797,32700
19.120001,19.469999,19.0,19.35,19.075129,49800
19.27,19.559999,19.07,19.459999,19.183565,61500
19.459999,19.68,19.040001,19.120001,18.848396,118000
19.860001,22.940001,19.75,22.34,22.022655,151400
22.219999,22.6,21.620001,21.92,21.608618,78800
21.620001,22.68,21.620001,22.5,22.18038,118500
22.559999,22.950001,22.200001,22.34,22.022655,124700
22.17,22.719999,22.110001,22.25,21.933931,86800
22.4,22.77,22.17,22.6,22.278959,180800
22.4,22.860001,22.389999,22.450001,22.204781,84800
22.35,22.610001,22.16,22.219999,21.977291,66100
22.25,22.639999,21.73,21.85,21.611334,77000
21.690001,22.27,21.67,22.18,21.937729,127500
22.26,22.620001,21.969999,22.0,21.759693,83900
22.07,22.639999,22.0,22.49,22.244343,81800
22.629999,22.83,22.540001,22.65,22.402594,44200
22.540001,22.75,22.17,22.200001,21.95751,42200
22.200001,22.219999,21.790001,21.83,21.591551000000006,43000
21.92,22.09,21.469999,21.51,21.275047,58300
21.4,21.459999,20.799999,20.99,20.760725,98200
21.1,21.639999,21.09,21.52,21.284939,73200
21.639999,21.719999,20.91,20.959999,20.731054,55200
20.860001,21.32,20.860001,21.129999,20.899199,64500
21.34,21.459999,21.059999,21.1,20.869528,36300
21.120001,21.389999,21.01,21.27,21.03767,101600
21.200001,21.33,20.65,21.129999,20.899199,55300
21.23,21.27,20.99,21.08,20.849745,34900
21.25,21.610001,21.0,21.309999,21.07723,57500
21.4,21.700001,21.16,21.190001,20.958542,70000
21.23,21.620001,21.16,21.389999,21.156357,50200
21.389999,22.33,21.25,21.9,21.660786,102200
21.969999,22.549999,21.969999,22.540001,22.293797,93000
22.639999,22.85,22.360001,22.450001,22.204781,131600
22.65,22.889999,22.48,22.690001,22.44216,81000
22.66,22.67,22.41,22.5,22.254232,144800
22.48,22.809999,22.4,22.639999,22.392702,72200
22.790001,22.940001,22.389999,22.41,22.165218,147500
22.4,22.700001,22.200001,22.219999,21.977291,67700
22.26,22.32,21.709999,21.76,21.522316,170200
21.629999,21.950001,21.59,21.59,21.354174,88500
21.67,21.85,21.26,21.280001,21.04756,103300
21.35,21.75,21.35,21.700001,21.462973,85900
21.66,21.860001,21.09,21.299999,21.067341,56800
21.299999,21.41,20.82,20.91,20.681601,48500
20.82,21.120001,20.42,20.440001,20.216736,70400
20.68,21.049999,20.5,20.620001,20.39477,112900
20.469999,20.959999,20.41,20.92,20.69149,96700
20.91,21.08,20.52,20.75,20.52335,112300
20.68,20.83,20.43,20.610001,20.384878,94800
20.540001,20.99,20.5,20.620001,20.39477,165700
20.540001,21.32,20.51,20.969999,20.740944,226200
20.969999,21.530001,20.700001,20.860001,20.632149,64200
20.950001,21.48,20.9,21.309999,21.07723,109700
21.5,21.74,21.27,21.299999,21.067341,82600
21.09,21.42,21.08,21.33,21.097013,66000
21.389999,21.610001,21.360001,21.49,21.255266,116300
21.42,21.49,21.07,21.08,20.849745,74400
21.209999,21.639999,21.1,21.49,21.255266,115200
21.389999,21.610001,21.389999,21.469999,21.235485,85700
21.610001,21.940001,21.610001,21.68,21.44319,79900
21.629999,21.790001,21.379999,21.389999,21.156357,39100
21.4,21.530001,21.370001,21.459999,21.225592,67100
21.6,21.639999,21.4,21.6,21.364065,74300
21.59,22.129999,21.540001,22.0,21.759693,114900
22.02,22.93,22.02,22.780001,22.531178,173400
22.9,26.700001,22.6,26.559999,26.269888,555000
26.6,26.809999,25.629999,26.16,25.874254,181000
26.129999,26.27,25.540001,25.76,25.478624,122700
25.76,26.84,25.690001,26.299999,26.012726,86900
26.200001,26.25,25.43,25.629999,25.350044,60100
25.809999,26.129999,25.549999,25.59,25.310482,65300
25.49,25.77,24.969999,25.040001,24.766491,80300
24.99,25.469999,24.68,25.42,25.217871,105800
25.379999,25.5,24.799999,24.870001,24.672245,44600
24.66,24.98,24.23,24.299999,24.106775,62200
24.33,24.790001,24.27,24.709999,24.513515,59400
24.620001,24.66,24.27,24.4,24.205982,35400
24.450001,24.75,24.280001,24.5,24.305187,63000
24.65,24.65,24.209999,24.309999,24.116697,46900
24.299999,24.42,24.139999,24.370001,24.176222,48900
24.200001,24.35,24.120001,24.129999,23.938128,107100
24.059999,24.33,24.0,24.200001,24.007572,125200
24.309999,24.35,23.950001,23.99,23.799242,36000
24.059999,24.059999,23.67,23.68,23.491707,46800
23.860001,24.34,23.709999,24.040001,23.848845,57100
24.02,24.209999,23.860001,24.049999,23.858763,81700
24.049999,24.25,23.73,23.75,23.56115,94700
23.68,24.26,23.68,24.049999,23.858763,51700
24.08,24.42,23.889999,24.35,24.15638,78600
24.65,25.690001,24.530001,25.4,25.198029,218900
25.68,26.889999,25.530001,26.49,26.279362,220600
26.639999,26.66,25.889999,26.33,26.120636,135400
26.5,26.709999,25.940001,26.059999,25.852781,227900
26.15,27.139999,26.15,27.0,26.785307,152800
27.049999,27.530001,26.540001,27.08,26.86467,117000
27.200001,27.65,26.98,27.48,27.261492,96200
27.41,27.799999,27.34,27.620001,27.400377,81600
28.07,28.280001,27.709999,28.26,28.035288,99400
28.389999,28.5,27.5,27.719999,27.49958,139700
27.65,27.67,26.91,27.33,27.112684,251300
27.52,27.52,26.85,27.200001,26.983717,84500
27.23,27.23,26.549999,26.74,26.527374,82600
26.67,26.790001,26.209999,26.360001,26.150398000000006,172600
26.309999,26.389999,25.9,26.219999,26.011509,78200
26.23,26.299999,26.07,26.290001,26.080956,34800
26.309999,26.309999,25.66,25.780001,25.575008,44100
25.790001,25.85,25.57,25.68,25.475805,62500
25.700001,25.85,25.27,25.73,25.525406,68300
25.690001,25.92,25.52,25.6,25.396441,59700
25.620001,25.620001,25.0,25.27,25.069063,74300
25.059999,25.51,25.0,25.43,25.227791,81800
25.34,25.73,25.16,25.690001,25.485725,77600
25.709999,26.040001,25.27,25.32,25.118666,94400
25.200001,25.32,25.02,25.280001,25.078985,66000
25.209999,25.48,25.049999,25.08,24.880575,54700
25.059999,25.219999,24.700001,25.200001,24.99962,60800
25.15,25.25,25.0,25.17,24.96986,39100
25.120001,25.360001,24.879999,25.309999,25.108744,47300
25.24,25.629999,25.23,25.620001,25.416283,38500
25.66,26.110001,25.65,25.74,25.535328,105900
25.99,25.99,25.41,25.690001,25.485725,84000
25.5,25.629999,25.299999,25.48,25.277393,187300
25.52,25.700001,24.9,25.02,24.821053,49300
24.940001,24.940001,24.129999,24.450001,24.255585,69400
24.610001,24.77,24.23,24.49,24.295267000000006,62700
24.209999,24.65,24.040001,24.42,24.225822,40900
24.5,24.6,24.33,24.459999,24.265505,35200
24.450001,24.459999,24.219999,24.27,24.077015,39000
24.09,24.27,23.82,24.15,23.957968,103200
24.09,24.110001,23.5,23.67,23.481787,86400
23.809999,24.059999,23.76,23.889999,23.700037,59000
24.129999,24.530001,23.889999,24.360001,24.1663,89500
24.57,24.67,23.83,24.370001,24.176222,115700
24.549999,24.66,24.299999,24.549999,24.35479,51500
24.4,24.43,23.74,23.91,23.792564,45500
23.85,24.559999,23.85,24.530001,24.409519,58800
24.559999,24.9,24.43,24.73,24.608536,77800
24.77,24.77,24.309999,24.41,24.290108,52000
24.52,24.76,24.379999,24.75,24.628437,38500
24.82,24.82,24.450001,24.549999,24.429419,63700
24.549999,24.82,24.41,24.42,24.300058,44300
24.459999,25.459999,24.459999,25.0,24.877211,153300
24.5,25.0,21.25,22.200001,22.090963,359700
21.940001,22.02,21.33,21.9,21.792435,182700
21.450001,21.559999,20.370001,20.530001,20.429165,137500
20.5,20.700001,20.190001,20.309999,20.210245,204500
20.48,21.23,20.32,21.1,20.996367000000006,186800
21.09,21.5,20.639999,20.83,20.727692,202700
20.5,21.190001,20.5,21.15,21.04612,192700
21.25,21.379999,20.08,20.299999,20.200294,167300
20.23,20.4,19.33,19.549999,19.453978,200300
19.700001,20.370001,19.450001,20.299999,20.200294,182300
20.35,21.120001,20.24,20.9,20.797348,161200
20.49,20.940001,20.17,20.6,20.498821,153900
20.030001,20.32,19.1,19.299999,19.205206,176200
19.620001,19.940001,18.23,18.83,18.737514,337100
18.43,18.5,16.92,17.33,17.244882999999998,143100
16.4,17.549999,15.67,15.71,15.632839,200300
16.209999,17.1,15.61,16.780001000000002,16.697584,278300
15.47,16.0,14.01,14.07,14.000894,195700
14.35,16.1,14.08,15.63,15.553232,189000
15.13,16.67,14.92,16.17,16.09058,340300
16.620001000000002,18.15,14.91,15.17,15.095491,247400
15.34,16.74,15.34,15.46,15.384067000000002,272800
15.93,16.68,14.05,14.1,14.030746,269200
14.6,15.13,13.93,14.99,14.916375,150100
15.05,15.67,14.58,14.74,14.667603,181300
14.81,15.39,14.02,14.24,14.170058,247400
14.04,15.75,13.6,15.51,15.433822,260400
16.26,17.93,15.96,17.09,17.006062,380200
17.82,17.85,16.02,16.15,16.070677,237000
15.95,16.379998999999998,15.36,15.72,15.64279,189400
15.4,15.87,14.62,14.9,14.826817000000002,170800
14.99,15.11,13.92,13.96,13.891434,146600
14.22,14.81,13.71,14.23,14.160108,413100
14.51,15.16,14.41,14.73,14.657652,383400
14.88,15.47,14.61,15.08,15.005933,225000
15.33,15.88,15.26,15.72,15.64279,164900
15.66,15.78,15.01,15.19,15.115393,135400
15.7,15.89,15.0,15.4,15.324360999999998,231100
15.07,15.41,14.23,14.49,14.418831,188300
14.56,14.59,13.54,13.8,13.732220000000002,203200
14.07,15.12,14.05,14.96,14.886522,227200
14.67,15.41,14.43,15.21,15.135295,160800
14.71,15.1,14.34,14.85,14.777063,188400
15.08,15.08,14.62,14.83,14.757160999999998,113600
14.97,15.22,14.75,14.99,14.916375,93700
15.14,15.16,14.68,14.75,14.677554,87400
14.75,15.41,14.75,15.11,15.035785999999998,364800
15.5,15.95,15.3,15.91,15.831857,145300
16.190001000000002,17.35,16.15,17.280001000000002,17.195127,279600
16.780001000000002,16.83,14.55,15.02,14.946228,653000
14.7,15.07,14.6,14.81,14.73726,153600
14.6,15.04,14.24,14.77,14.697456,187000
15.1,15.44,14.66,14.77,14.697456,190800
15.0,15.32,14.88,15.01,14.936277,201600
15.28,15.39,14.93,15.27,15.195001,179100
15.6,15.98,15.3,15.86,15.86,128000
15.98,16.02,15.47,15.84,15.84,170900
15.83,15.88,15.48,15.5,15.5,165900
15.36,15.5,14.26,14.47,14.47,491200
14.11,14.32,13.84,14.27,14.27,194100
14.24,14.45,14.11,14.38,14.38,107100
14.95,15.52,14.78,15.32,15.32,138400
15.4,16.389999,15.27,15.79,15.79,286800
17.360001,19.98,17.299999,19.27,19.27,646800
19.200001,19.219999,18.33,18.6,18.6,267000
18.73,18.969999,18.23,18.49,18.49,155600
19.07,19.290001,18.43,18.459999,18.459999,148500
18.49,19.16,17.959999,18.940001,18.940001,121100
19.15,19.32,18.4,18.52,18.52,119400
18.26,18.780001,18.139999,18.719999,18.719999,178500
18.92,18.93,18.35,18.370001,18.370001,178300
18.370001,18.91,18.32,18.67,18.67,199600
19.09,20.09,19.040001,19.92,19.92,213900
19.9,19.9,19.0,19.299999,19.299999,140100
19.6,20.02,19.540001,19.799999,19.799999,156500
20.17,20.99,19.959999,20.889999,20.889999,146700
20.51,20.629999,19.67,20.24,20.24,178100
20.389999,20.84,19.6,19.67,19.67,119100
18.99,19.08,18.280001,18.370001,18.370001,202800
19.08,19.1,18.08,18.74,18.74,163300
18.33,19.42,18.209999,19.120001,19.120001,141200
19.5,19.629999,18.790001,19.459999,19.459999,167000
19.450001,19.450001,18.82,18.99,18.99,99000
18.83,19.280001,18.83,19.17,19.17,156000
19.360001,19.389999,18.66,19.120001,19.120001,213100
19.26,19.26,18.540001,18.98,18.98,203100
19.219999,19.219999,18.639999,18.67,18.67,91900
