Item,Open,Close,Volume
0,0.3313048457535598,0.34522523419451,0.09602490421455939
1,0.3340094432718429,0.366898905885087,0.22916666666666666
2,0.34279909784995943,0.3766870855959016,0.241139846743295
3,0.3353617758376083,0.3801827691793117,0.17277298850574713
4,0.3468560279340075,0.36759805658478284,0.10452586206896552
5,0.35902627728017034,0.40045806955542684,0.18594348659003831
6,0.3448275628919836,0.3766870855959016,0.15505268199233715
7,0.3231913236517022,0.350119289092382,0.18151340996168583
8,0.3218390586991845,0.3242507831186988,0.22880747126436782
9,0.44083837452073193,0.4151403041641136,0.1285919540229885
10,0.4266395249060494,0.4549918940467875,0.19923371647509577
11,0.45098036166461364,0.50043661961196,0.16163793103448276
12,0.38539551146751083,0.424229193345092,0.17337164750957854
13,0.3772819217524054,0.3892716583602901,0.15373563218390804
14,0.39012843880132253,0.4326190716565145,0.24209770114942528
15,0.3103448066027851,0.34522523419451,0.22497605363984674
16,0.3116970715553028,0.3242507831186988,0.19947318007662834
17,0.30155515202466854,0.3487209177779199,0.1997126436781609
18,0.3380662381293956,0.3347379736990691,0.12895114942528735
19,0.32724811850925495,0.36410237300137294,0.13098659003831417
20,0.3360379083138668,0.330542999585823,0.16379310344827586
21,0.31440153384709013,0.3326405215999809,0.172294061302682
22,0.3313048457535598,0.3403311792966376,0.3056752873563218
23,0.38269098156247583,0.3871742761762721,0.7604166666666666
24,0.13995935497232204,0.143869832682051,0.32938218390804597
25,0.08113589715105485,0.11100974979633726,0.15170019157088122
26,0.008789722191364202,0.04528958402490979,0.11422413793103448
27,0.0,0.037598926328253346,0.21839080459770116
28,0.07978363219853735,0.051581940322174114,0.5741139846743295
29,0.10547666629637142,0.12359446239086591,0.1846264367816092
30,0.11494252096399438,0.1473655861805313,0.19061302681992337
31,0.11223799105895937,0.1487638875799232,0.13924808429118773
32,0.07234617495969065,0.1022704359652068,0.20043103448275862
33,0.06761324762587917,0.08418172940239088,0.2273706896551724
34,0.07572683734098462,0.06748454247718028,0.21443965517241378
35,0.04868153829063282,0.06748454247718028,0.20988984674329503
36,0.050709935719409294,0.07026744192225054,0.16989942528735633
37,0.1697092515409565,0.08487745426365845,0.7678400383141762
38,0.20486814030641376,0.24210938520323044,0.32076149425287354
39,0.1102095936301829,0.14679626776576893,0.15996168582375478
40,0.07369843991220815,0.09113890809999614,0.42277298850574707
41,0.05679512800573849,0.06609309275464537,0.09063697318007663
42,0.06085192286329122,0.08279027967985597,0.09818007662835249
43,0.051386068195668044,0.07165882172971527,0.1220067049808429
44,0.052738333148185546,0.07305027145225063,0.21156609195402298
45,0.07369843991220815,0.09809608679760162,0.17852011494252873
46,0.05409059810070327,0.08070310509605327,0.25802203065134094
47,0.018255576858987266,0.0,0.22928639846743296
48,0.07369843991220815,0.04800445610689941,0.2114463601532567
49,0.10615279877263017,0.11131464941647462,0.262691570881226
50,0.09871534153378347,0.09670463707506649,0.1481082375478927
51,0.10547666629637142,0.13357763523182575,0.18342911877394635
52,0.07775523476976087,0.08905173351619367,0.2553879310344827
53,0.05679512800573849,0.06470164303211001,0.4450431034482758
54,0.03313049133668067,0.02991581945915367,0.48060344827586204
55,0.05341446562444452,0.011131457950140367,0.16151819923371646
56,0.10480053382011245,0.07652882584351828,0.1904932950191571
57,0.13928322249606329,0.13357763523182575,0.21276340996168583
58,0.2386747641193533,0.16349338477590958,0.26975574712643674
59,0.24408382392942352,0.2288908924994274,0.44121168582375475
60,0.096686944105007,0.1189676228904174,0.29777298850574707
61,0.07234617495969065,0.03061147440535117,0.2822078544061302
62,0.09127788429493677,0.0653973678933778,0.20306513409961685
63,0.05476673057696202,0.08279027967985597,0.1657088122605364
64,0.15956726439707458,0.020871466177745712,0.30830938697318006
65,0.1636240592546273,0.11548899858408002,0.31261973180076624
66,0.2589587384071169,0.09531318735253158,0.2822078544061302
67,0.15889113192081605,0.16488490441351444,0.3934386973180076
68,0.12035158077406483,0.12731618139548806,0.2122844827586207
69,0.11359025601147688,0.018784361509013192,0.22030651340996169
70,0.1879648283999441,0.20732363154534383,0.3192049808429118
71,0.21839072221834177,0.1328819103705582,0.22581417624521072
72,0.28262337507617474,0.24558807942463778,0.15732758620689655
73,0.3799865192706885,0.34994548022843774,0.3896072796934866
74,0.4056794857552747,0.38264419913266157,0.1969588122605364
75,0.44759976689656755,0.4730873823713905,0.17025862068965517
76,0.45977015146922573,0.49395891846420625,0.17899904214559387
77,0.4090602157498163,0.4522158462785745,0.2042624521072797
78,0.4110885455653449,0.40003711091913974,0.22581417624521072
79,0.4773494606254588,0.4522158462785745,0.18630268199233715
80,0.46450307880303743,0.5113518302506846,0.21671455938697318
81,0.48546311795381214,0.4890889143504037,0.22868773946360152
82,0.46720754109482476,0.5078733457744874,0.20965038314176246
83,0.4313725874663564,0.45291157113984204,0.23084291187739464
84,0.489519845198117,0.4682173782575877,0.15062260536398467
85,0.5206220067192692,0.5635304956950494,0.20474137931034483
86,0.7221094846443891,0.5844021017029354,0.41666666666666663
87,0.7532115109390457,0.7792028255756037,0.16954022988505746
88,0.7099391000717309,0.7388511331974369,0.039032567049808425
89,0.7099391000717309,0.7478954165637749,0.062260536398467424
90,0.7058823052141782,0.7618097739589854,0.032088122605363985
91,0.7065584376904367,0.7381554782512395,0.04825191570881226
92,0.7153481598818011,0.7604183941515202,0.0791427203065134
93,0.6923595880757544,0.7465041066713797,0.05639367816091954
94,0.6835699334976378,0.7033696546782832,0.040469348659003826
95,0.6991209804515902,0.7426777248070132,0.04765325670498084
96,0.699797112927849,0.7301931305926811,0.12452107279693486
97,0.6903313258734737,0.7294994332684427,0.09315134099616859
98,0.6585529642628148,0.6969006229992053,0.056633141762452106
99,0.6619337618706042,0.6816416589783395,0.08943965517241378
100,0.6727518138774972,0.7149338869115353,0.10955459770114942
101,0.6855982633131666,0.7232570662462067,0.0326867816091954
102,0.6950641855940375,0.7364353577847772,0.02813697318007663
103,0.6984448479753312,0.7336609180631736,0.034961685823754786
104,0.7065584376904367,0.7385161700972133,0.06106321839080459
105,0.718052757400084,0.7357418002906787,0.06908524904214558
106,0.7694388255957522,0.7752765350762506,0.045019157088122604
107,0.7647057630354451,0.8071815781061796,0.21024904214559387
108,0.7890465997940092,0.8217471244630871,0.08656609195402298
109,0.7971602571223625,0.8252151216787894,0.11278735632183909
110,0.7647057630354451,0.8168920821742579,0.032088122605363985
111,0.7464503214029531,0.795390471470876,0.042624521072796934
112,0.7390127965508587,0.7856803868932175,0.032806513409961685
113,0.7369843315088346,0.787761059375513,0.058788314176245214
114,0.7545638435048111,0.7794380198709815,0.05148467432950191
115,0.7437457238846704,0.7933098689036505,0.06501436781609196
116,0.792427329788551,0.7960841687951145,0.09901819923371646
117,0.7714671554112807,0.8217471244630871,0.07890325670498083
118,0.7565922409335876,0.8037136508055475,0.08393199233716475
119,0.7640297657856819,0.7926161715794121,0.07495210727969348
120,0.7843136724601979,0.815504827355921,0.057471264367816084
121,0.7795807451263864,0.824521424354551,0.06776819923371646
122,0.7795807451263864,0.8210535669689886,0.06082375478927202
123,0.8106827714210428,0.8279893516551834,0.03879310344827586
124,0.8100066389447843,0.8633627414761643,0.02765804597701149
125,0.8160918312311133,0.8585073496119854,0.07962164750957854
126,0.8431372655079602,0.8682177837649941,0.1926484674329502
127,0.8728870268500996,0.8945740871818547,0.08488984674329503
128,0.8924948686616044,0.9264793399569936,0.08716475095785439
129,0.9026368558054864,0.9354960767857637,0.2868773946360153
130,0.958755851334966,0.9625459376967233,0.1532567049808429
131,0.9438810044705203,1.0,0.10500478927203064
132,0.9114265103836029,0.9556101530105291,0.08369252873563218
133,0.9012845908529686,0.9458999985178002,0.10117337164750959
134,0.8931710687511111,0.9181561606223224,0.12607758620689655
135,0.8668017669505227,0.9126074909243246,0.16894157088122605
136,0.8377280704713946,0.84740987038585,0.258860153256705
137,0.8343474757033483,0.8661369714525581,0.1481082375478927
138,0.8498984550440528,0.8772343108485535,0.25011973180076624
139,0.7687626931194934,0.8016328384931121,0.24808429118773948
140,0.6828938010213793,0.7288058757743442,0.08010057471264367
141,0.6720756814012386,0.7079979623952007,0.047892720306513405
142,0.6713995489249797,0.6871903286763371,0.09937739463601533
143,0.6686949514066968,0.7079979623952007,0.08381226053639845
144,0.6774847412113089,0.7073045447312422,0.054358237547892714
145,0.6585529642628148,0.682335216472438,0.04202586206896552
146,0.6781608736875676,0.7038365475155398,0.029094827586206892
147,0.6768086087350499,0.7184019540423076,0.1358955938697318
148,0.6781608736875676,0.7135467719233383,0.11422413793103448
149,0.6828938010213793,0.7301931305926811,0.044540229885057465
150,0.6984448479753312,0.7260314360527403,0.042145593869731796
151,0.7052061727379192,0.7392097275913111,0.061422413793103446
152,0.6991209804515902,0.7322738030749768,0.028376436781609192
153,0.7079107702562021,0.7537749942879385,0.057112068965517244
154,0.7207572196918716,0.7253377387285019,0.060464559386973184
155,0.7559161084573286,0.764872613344214,0.03939176245210728
156,0.7538876434153045,0.8030200933114487,0.11266762452107279
157,0.774171685316316,0.7714618290285694,0.0821360153256705
158,0.7985123868483847,0.809494997856404,0.06417624521072796
159,0.806626044176738,0.8122609778545414,0.05795019157088122
160,0.8465178602760065,0.8585924362521383,0.0900383141762452
161,0.8079783091292555,0.8212506575512329,0.13290229885057472
162,0.8444893952339824,0.8489111566833073,0.202705938697318
163,0.8370520732216312,0.8765719354756617,0.6505028735632185
164,0.5821500620588193,0.6151797642296043,0.19360632183908047
165,0.5280593963448682,0.5612413364741046,0.12356321839080459
166,0.4949289050081874,0.5335809771721703,0.07495210727969348
167,0.4874915829958363,0.5238996276882696,0.06633141762452108
168,0.5050710273785647,0.5190590578189237,0.032806513409961685
169,0.5152130145224466,0.539113007083515,0.08165708812260536
170,0.4929006428059065,0.5245912974754786,0.0886015325670498
171,0.4949289050081874,0.5259742874745473,0.12392241379310345
172,0.48478698547755317,0.49762225838540386,0.07507183908045978
173,0.4929006428059065,0.5259742874745473,0.12523946360153257
174,0.4800540581437419,0.5149100179066476,0.06501436781609196
175,0.501690297384023,0.5128354979505095,0.08488984674329503
176,0.4841108530012944,0.513526888077439,0.11733716475095785
177,0.4874915829958363,0.48240901882029774,0.06285919540229884
178,0.47329273338115396,0.4900154288576407,0.2568247126436781
179,0.45098036166461364,0.4658126494259832,0.18438697318007663
180,0.44016224204447296,0.4651210495538439,0.0994971264367816
181,0.45706555395094284,0.47480232912267495,0.12045019157088122
182,0.4489518966225897,0.486557848987364,0.101772030651341
183,0.4550370889089189,0.4658126494259832,0.12116858237547892
184,0.45977015146922573,0.45336538985901453,0.07028256704980843
185,0.47937792566748294,0.48586645886043456,0.044061302681992334
186,0.5098039547123762,0.5128354979505095,0.05399904214559386
187,0.5023664298602818,0.540496136912724,0.08884099616858238
188,0.50912775462287,0.5114525079514408,0.10967432950191569
189,0.5158891469987054,0.532889447215101,0.09195402298850575
190,0.540905981007033,0.54464510690993,0.1897749042145594
191,0.5665990827181148,0.5764547158693506,0.06704980842911876
192,0.5828262621483259,0.5895936452235281,0.16259578544061304
193,0.5740364047304659,0.6054982050004935,0.07243773946360152
194,0.5645706176760908,0.5958170652618026,0.15936302681992337
195,0.5794454645405364,0.6089560645310502,0.08297413793103448
196,0.576741002248749,0.5923596951367357,0.14355842911877395
197,0.5564569603477375,0.5985832550051499,0.09734195402298851
198,0.5415821134832915,0.5543262466486208,0.10835727969348657
199,0.49357677528216526,0.5190590578189237,0.04609674329501916
200,0.4989858350922355,0.5052288082528867,0.06980363984674329
201,0.4929006428059065,0.513526888077439,0.05483716475095785
202,0.46991207099985977,0.49762225838540386,0.027777777777777776
203,0.4739688658574125,0.5010798382556804,0.05220306513409962
204,0.47802559310171777,0.5107610479094417,0.1076388888888889
205,0.48275852043552925,0.49900538821461227,0.029454022988505746
206,0.47329273338115396,0.5010798382556804,0.06321839080459771
207,0.5003379648182577,0.48932396881564155,0.052083333333333336
208,0.4949289050081874,0.5280488773457556,0.07363505747126436
209,0.48275852043552925,0.49139841885670965,0.10356800766283525
210,0.5253549340530806,0.527357277473616,0.055795019157088115
211,0.5341445886311972,0.5494856767792763,0.03747605363984674
212,0.5699796774861611,0.5750717258702817,0.03651819923371647
213,0.5753887372962313,0.606189804872633,0.03891283524904214
214,0.5625421526340667,0.5951256751348731,0.08393199233716475
215,0.5611900229080445,0.5612413364741046,0.08644636015325671
216,0.537525318625739,0.5736887358712132,0.13864942528735633
217,0.5625421526340667,0.5508688066084843,0.07818486590038315
218,0.5605138904317856,0.5764547158693506,0.06513409961685823
219,0.5774172023382554,0.5923596951367357,0.08752394636015326
220,0.5713319424386786,0.5975458551969409,0.20246647509578544
221,0.5679512124441369,0.5734231984354686,0.08991858237547892
222,0.5835023946245844,0.5796263431034515,0.1352969348659004
223,0.5652467501523494,0.5906536975144073,0.1278735632183908
224,0.5598376903422791,0.5506789172784466,0.08034003831417624
225,0.5828262621483259,0.5796263431034515,0.1672653256704981
226,0.362407007274712,0.3576978030168071,0.1272749042145594
227,0.35429334994635886,0.3811311671034491,0.05962643678160919
228,0.34820815766002966,0.3735498565762253,0.04561781609195402
229,0.337390038039889,0.3597654712960884,0.025143678160919537
230,0.3245436562174676,0.3452917933411209,0.058548850574712645
231,0.3042596143164561,0.334264229184955,0.040708812260536395
232,0.2832995075524335,0.31289832363238423,0.09698275862068964
233,0.28127111012365724,0.31083086509831304,0.0428639846743295
234,0.2724813879322928,0.2867080685067006,0.04585727969348659
235,0.2745097177478214,0.29428965869420465,0.038553639846743294
236,0.28262337507617474,0.3018708993063587,0.049090038314176236
237,0.3056118792689736,0.31496627157194534,0.04106800766283525
238,0.2968220894643617,0.3266828487426613,0.042624521072796934
239,0.29546995973833956,0.3204798439048179,0.038314176245210725
240,0.2900608999282691,0.30669545862468095,0.034243295019157086
241,0.2887085673625037,0.3197906910601275,0.06704980842911876
242,0.2772143152661045,0.2963571871433456,0.04226532567049808
243,0.31440153384709013,0.31220917078769383,0.033524904214559385
244,0.3198105936571606,0.3508055055041336,0.045498084291187735
245,0.31440153384709013,0.345981086015951,0.0
246,0.30764034431099774,0.3383994958284474,0.03723659003831417
247,0.3313048457535598,0.3266828487426613,0.10261015325670497
248,0.3218390586991845,0.3501163526594432,0.33943965517241376
249,0.31102093907904405,0.33702098039385675,0.058548850574712645
250,0.3008789519351621,0.33081811538615324,0.0443007662835249
251,0.31440153384709013,0.33081811538615324,0.06489463601532566
252,0.3340094432718429,0.3480485445500222,0.07267720306513409
253,0.3353617758376083,0.3570086501721169,0.07890325670498083
254,0.3549695500358653,0.3735498565762253,0.07303639846743296
255,0.3455036953682423,0.3769957606298172,0.06489463601532566
256,0.3739012593711116,0.37286063381646495,0.04465996168582375
257,0.362407007274712,0.3769957606298172,0.032806513409961685
258,0.3610547423221945,0.38526657357708183,0.04106800766283525
259,0.33874237060565415,0.3680358647529326,0.08261494252873564
260,0.3164299988891143,0.33702098039385675,0.060584291187739454
261,0.3258957859434898,0.3225474422690292,0.08680555555555555
262,0.33062871327730126,0.34253483238700955,0.10093390804597702
263,0.3177822638416318,0.33564267470447595,0.10452586206896552
264,0.30628801174523257,0.3315074080609838,0.08991858237547892
265,0.33874237060565415,0.33495352185978555,0.08022030651340994
266,0.3198105936571606,0.3473595315354717,0.06872605363984674
267,0.27991877755789185,0.30600630577999055,0.21779214559386972
268,0.3022312845009273,0.29566789446851527,0.22186302681992337
269,0.3360379083138668,0.3494270599846129,0.09698275862068964
270,0.35767414755414817,0.3618330696602995,0.08536877394636014
271,0.4259635276562862,0.3942262597087559,0.07878352490421456
272,0.4259635276562862,0.4576344040313586,0.06800766283524903
273,0.40973621299957974,0.4307549261459148,0.07159961685823754
274,0.4192021352804506,0.43282245459505597,0.07363505747126436
275,0.40635561823153343,0.4397146122775898,0.10153256704980843
276,0.3759295891866402,0.3914695784149246,0.09626436781609196
277,0.38133864899671066,0.3880232548709127,0.09566570881226052
278,0.3759295891866402,0.3942262597087559,0.08045977011494251
279,0.3678160670847824,0.3873340321111526,0.08357279693486588
280,0.36578766965600595,0.3749281622656061,0.10895593869731801
281,0.356321814988383,0.3790634289090983,0.12440134099616859
282,0.3502366227020538,0.3790634289090983,0.07315613026819923
283,0.3340094432718429,0.35942058025592816,0.09339080459770113
284,0.32048672613341933,0.326467370497015,0.0850095785440613
285,0.2995266869826444,0.32303475030671736,0.20079022988505746
286,0.29885055450638565,0.3175423622400452,0.30100574712643674
287,0.29749822194062026,0.2962599352810179,0.1997126436781609
288,0.24476002401893038,0.2598741053318071,0.321360153256705
289,0.23123730688050637,0.22829360805667698,0.2237787356321839
290,0.28803243488624497,0.24477035276627357,0.32926245210727967
291,0.30696421183473876,0.3072445016691522,0.14451628352490423
292,0.31507773393659677,0.32303475030671736,0.06238026819923371
293,0.3252196534672308,0.3333326108776101,0.14128352490421456
294,0.3394185030819131,0.36148020830216276,0.10835727969348657
295,0.31304940412106796,0.33539223892384473,0.07590996168582376
296,0.3400946355581721,0.3223479745744059,0.057471264367816084
297,0.3455036953682423,0.372464844605367,0.05531609195402299
298,0.3360379083138668,0.3621668442043343,0.07734674329501914
299,0.3407708356476783,0.34843636344314366,0.06154214559386973
300,0.34617989545774897,0.3635401160086772,0.040948275862068964
301,0.34956049022579483,0.3745243328214617,0.11769636015325671
302,0.3292765835512791,0.3347057428518133,0.023946360153256706
303,0.3279242509855139,0.3532419757775048,0.04729406130268199
304,0.3455036953682423,0.33607873499587615,0.050407088122605366
305,0.34956049022579483,0.3758973948805949,0.07974137931034483
306,0.35699794746464175,0.368345588512898,0.03436302681992337
307,0.3468560279340075,0.37383783674943005,0.07447318007662834
308,0.34279909784995943,0.35392861167967593,0.10440613026819923
309,0.33671390556363046,0.35461482809142775,0.08105842911877395
310,0.3448275628919836,0.3573613717001135,0.04418103448275862
311,0.33874237060565415,0.36148020830216276,0.08979885057471265
312,0.3360379083138668,0.35942058025592816,0.054358237547892714
313,0.3319810458430664,0.3518688438033014,0.07567049808429119
314,0.3292765835512791,0.35392861167967593,0.033524904214559385
315,0.3164299988891143,0.33813836304211076,0.12607758620689655
316,0.35226508774407794,0.3326459749754388,0.14355842911877395
317,0.3678160670847824,0.38482226330742464,0.10332854406130268
318,0.38742384128303964,0.37383783674943005,0.13912835249042146
319,0.40635561823153343,0.4191488847008208,0.08117816091954022
320,0.3880999737592984,0.4136566364642885,0.1846264367816092
321,0.3880999737592984,0.3916877833482998,0.28867337164750956
322,0.3962136310876515,0.40953752020195944,0.0741139846743295
323,0.40635561823153343,0.4198353807728522,0.11003352490421456
324,0.4455713018545434,0.4383717535286834,0.10787835249042146
325,0.45841781890346056,0.47407129715107266,0.07519157088122605
326,0.45841781890346056,0.48093653753166776,0.1512212643678161
327,0.4388099094787078,0.45210223428987384,0.10069444444444445
328,0.4841108530012944,0.4665195606984459,0.09937739463601533
329,0.49560510509769384,0.5193819955271134,0.11877394636015326
330,0.4929006428059065,0.5083976388841888,0.1103927203065134
331,0.48073019062000044,0.5111437630024552,0.10009578544061301
332,0.45841781890346056,0.48230952967573104,0.13493773946360155
333,0.47126440356562516,0.48025004145963635,0.07866379310344826
334,0.4881677154720948,0.49260739024662403,0.1758860153256705
335,0.47464499833367146,0.4932941659789353,0.1606800766283525
336,0.45706555395094284,0.4816230336036994,0.5057471264367817
337,0.4374577797526856,0.426013985251276,0.18594348659003831
338,0.3880999737592984,0.40747789215572505,0.14571360153256704
339,0.35699794746464175,0.3820762790192983,0.15134099616858238
340,0.3597024097564293,0.38482226330742464,0.16079980842911878
341,0.3502366227020538,0.3532419757775048,0.09339080459770113
342,0.36173087479845345,0.372464844605367,0.04082854406130268
343,0.34617989545774897,0.3704050767289925,0.13781130268199235
344,0.32860038346177245,0.3388249989442823,0.1830699233716475
345,0.326571986032996,0.326467370497015,0.08105842911877395
346,0.3488843577495363,0.3590773671774473,0.09913793103448276
347,0.36984453212680635,0.3672838582603396,0.07746647509578544
348,0.3759295891866402,0.3905350236746409,0.05256226053639846
349,0.37322512689485265,0.3898512542903384,0.08632662835249041
350,0.3678160670847824,0.3877995965620801,0.07555076628352489
351,0.3610547423221945,0.37001935528797036,0.09973659003831417
352,0.3739012593711116,0.3809609938231434,0.15098180076628354
353,0.37322512689485265,0.3877995965620801,0.08512931034482757
354,0.3671399346085237,0.3857479388338222,0.08548850574712644
355,0.38133864899671066,0.3686515368590849,0.0704022988505747
356,0.3691683996505478,0.3905350236746409,0.06908524904214558
357,0.37795805422866435,0.38438033015014683,0.1373323754789272
358,0.3752535919368768,0.3857479388338222,0.19181034482758622
359,0.36984453212680635,0.3823285325917486,0.37080938697318006
360,0.34212296537370046,0.35702584927932934,0.9999999999999999
361,0.20757260259820132,0.20247334348127255,0.14583333333333334
362,0.18120350363735593,0.2017896440120398,0.11506226053639848
363,0.18593643097116763,0.19289931362977486,0.10308908045977011
364,0.18255576858987366,0.20110566488252746,0.09566570881226052
365,0.17308984630900281,0.17785435963808582,0.08237547892720307
366,0.1724138490592394,0.17375125392677992,0.05986590038314176
367,0.14807301230067538,0.1675966303173556,0.1075191570881226
368,0.12711297314990044,0.14297750664402897,0.08129789272030652
369,0.1189993158215471,0.129984280295668,0.20474137931034483
370,0.093982414199972,0.09237193027398016,0.14942528735632185
371,0.1041244013438537,0.10604920566692388,0.1411637931034483
372,0.093982414199972,0.09989437231228993,0.1657088122605364
373,0.09871534153378347,0.10741681435059947,0.17600574712643677
374,0.06964164505465542,0.08826875464760409,0.22629310344827586
375,0.057471260481997244,0.0745916190848005,0.2701149425287356
376,0.030425961431645554,0.031508344922921205,0.148227969348659
377,0.06288032029206747,0.04586938970016774,0.41115900383141757
378,0.05679512800573849,0.049288795942241115,0.15457375478927204
379,0.07505070486472565,0.05817891657929619,0.1308668582375479
380,0.058823525434514745,0.056127398681178,0.18905651340996169
381,0.0730223074359494,0.04997263524161377,0.20318486590038315
382,0.093982414199972,0.09784285441417173,0.16235632183908047
383,0.14536841478239226,0.11835866263098238,0.10835727969348657
384,0.15956726439707458,0.16212570617716404,0.4692289272030651
385,0.13657876020427573,0.13819049171828024,0.0763888888888889
386,0.1325220329599709,0.14160989796035361,0.16822318007662834
387,0.15280593963448663,0.13682288303460488,0.16223659003831417
388,0.15618653440253294,0.1655449725890975,0.37499999999999994
389,0.20757260259820132,0.16896444874624084,0.34518678160919536
390,0.21365786249777796,0.21546677957484361,0.2695162835249042
391,0.18458409840540224,0.20520891042397327,0.19803639846743296
392,0.1724138490592394,0.18811236861909608,0.19444444444444445
393,0.1473968798244164,0.1682803297865888,0.1628352490421456
394,0.13657876020427573,0.1491322700835932,0.08644636015325671
395,0.1460446148718989,0.1587062999350909,0.15720785440613028
396,0.13995935497232204,0.14434532507291442,0.024664750957854406
397,0.15415820458700435,0.16212570617716404,0.13170498084291188
398,0.13522649525175823,0.11151998997697554,0.19085249042145594
399,0.15618653440253294,0.14366162560368168,0.13996647509578544
400,0.1615955942126034,0.17580298157010776,0.09734195402298851
401,0.14942534486644055,0.16691279101798295,0.12452107279693486
402,0.18052737116109718,0.1539194947545518,0.24533045977011494
403,0.20351587535389604,0.1970024193410812,0.1532567049808429
404,0.1967545505913083,0.20589260989320624,0.16115900383141762
405,0.21298166240827132,0.21615061887421627,0.2611350574712643
406,0.21906685469460052,0.19802842299288492,0.3113026819923371
407,0.1372548926805347,0.14356059832757528,0.2318007662835249
408,0.12914130296542903,0.13743317168036928,0.1459530651340996
409,0.15618653440253294,0.11088012725661367,0.30088601532567044
410,0.0743745723884669,0.08432722266299775,0.35117337164750956
411,0.30155515202466854,0.05913598397210984,0.9707854406130269
412,0.3360379083138668,0.3376017648800941,0.19588122605363983
413,0.3245436562174676,0.32466565914389844,0.29058908045977005
414,0.3515888876545713,0.3260271852164863,0.0676484674329502
415,0.3400946355581721,0.3450909273450983,0.10727969348659003
416,0.3509127551783128,0.3553033517004881,0.09410919540229884
417,0.3536172174701001,0.3444101643088041,0.07555076628352489
418,0.3739012593711116,0.36347369669220597,0.11781609195402298
419,0.3914807713670877,0.38798403251666,0.06453544061302682
420,0.4151452728096502,0.4050049961308998,0.04992816091954023
421,0.4232589301380031,0.4172604786609416,0.08309386973180077
422,0.4374577797526856,0.4458558821086497,0.0886015325670498
423,0.43204858471611984,0.4472178276716575,0.06908524904214558
424,0.42258279766174456,0.42951554170056394,0.08752394636015326
425,0.4192021352804506,0.4336006792388877,0.15457375478927204
426,0.43407704975814376,0.41930318726024385,0.13481800766283525
427,0.4469235668070609,0.44313255030319343,0.1023706896551724
428,0.4482758993728263,0.45334539414900343,0.040948275862068964
429,0.44421896928877824,0.4567494889907536,0.054358237547892714
430,0.44016224204447296,0.45334539414900343,0.07650862068965517
431,0.4577416864272016,0.45470706005173145,0.0880028735632184
432,0.4922244427164001,0.4812600345604171,0.07579022988505746
433,0.5064231571045869,0.5010044698102533,0.09638409961685823
434,0.5118322169146573,0.5180254334244933,0.09518678160919539
435,0.4989858350922355,0.5071318964574593,0.10440613026819923
436,0.5070993571940935,0.5057703703848712,0.08441091954022989
437,0.5280593963448682,0.5234724466107549,0.1903735632183908
438,0.5246788015768219,0.527557304488799,0.11434386973180077
439,0.5571330928239963,0.531642302196983,0.11159003831417624
440,0.5564569603477375,0.563641940316581,0.3878113026819923
441,0.5524002331034322,0.5684079807213388,0.07076149425287356
442,0.528735528821127,0.5411739635160789,0.1627155172413793
443,0.547667305769621,0.544578547763319,0.15660919540229884
444,0.5578092929135027,0.548663405641363,0.051245210727969344
445,0.5571330928239963,0.5670464546487509,0.0573515325670498
446,0.5645706176760908,0.5575146534995147,0.061661877394636015
447,0.5652467501523494,0.5650037460494489,0.1082375478927203
448,0.5618660201578077,0.5772588090890708,0.11530172413793105
449,0.5733602722542074,0.5629613171104267,0.09351053639846743
450,0.5713319424386786,0.5820248494938286,0.11015325670498083
451,0.5503717680614083,0.5650037460494489,0.09027777777777776
452,0.5517241006271737,0.563641940316581,0.10033524904214558
453,0.5733602722542074,0.5663655517823168,0.059746168582375477
454,0.5916159167264424,0.5901950546554074,0.07890325670498083
455,0.5990533739652889,0.6017694245738047,0.12188697318007663
456,0.6206896132055703,0.6174290019455965,0.03627873563218391
457,0.6328599977782287,0.6324075366208145,0.04585727969348659
458,0.640297522630323,0.6507904457980623,0.15505268199233715
459,0.611223826151195,0.6208332366174866,0.08644636015325671
460,0.6125759558772171,0.6221949025202146,0.10308908045977011
461,0.660581429304839,0.6317264939242405,0.12978927203065135
462,0.6592291643523215,0.6718964071204864,0.07902298850574713
463,0.6281271380576646,0.6433009337577084,0.08129789272030652
464,0.6301554002599458,0.6330884394872481,0.05651340996168582
465,0.6321838653019699,0.6398968389159584,0.08692528735632182
466,0.6051385662516181,0.6160671962127285,0.07830459770114942
467,0.6105476260616886,0.6072162979299266,0.07243773946360152
468,0.6247463404498753,0.6228757354715785,0.11554118773946359
469,0.6396213901540643,0.6375139935012545,0.019755747126436782
470,0.6673428216806746,0.6443007192582738,0.06441570881226052
471,0.674780143693026,0.6680542244503068,0.09339080459770113
472,0.6862743957894254,0.6877358759673099,0.07387452107279693
473,0.6768086087350499,0.6857000889599351,0.08967911877394635
474,0.6443542498746281,0.6341204558350698,0.12488026819923373
475,0.65990529682858,0.6490512385174986,0.1343390804597701
476,0.6774847412113089,0.6633037051910821,0.2157567049808429
477,0.7254900794124354,0.7359218315958506,0.15804597701149425
478,0.6950641855940375,0.6748410900374661,0.07327586206896552
479,0.7085867675059655,0.6904506082191596,0.046216475095785435
480,0.7038539077854017,0.7114893811593429,0.0646551724137931
481,0.718052757400084,0.7053816006467982,0.039750957854406126
482,0.7187288898763428,0.7237057811652715,0.03771551724137931
483,0.7194048871261062,0.7311711025914159,0.044779693486590035
484,0.7214333521681301,0.7182763166615721,0.07950191570881227
485,0.7126436975900136,0.7196338575751718,0.04513888888888889
486,0.7221094846443891,0.7216696445825469,0.04442049808429119
487,0.7221094846443891,0.7332073090892107,0.055795019157088115
488,0.7308991392225056,0.7311711025914159,0.04465996168582375
489,0.7417173940691416,0.7379579681785752,0.052681992337164744
490,0.7207572196918716,0.7345645703425306,0.02789750957854406
491,0.7268424119782005,0.7257415681726466,0.08405172413793102
492,0.728870809406977,0.7250631822487316,0.11434386973180077
493,0.7376605315983412,0.7332073090892107,0.09614463601532566
494,0.7241379496864132,0.7223483800818119,0.04753352490421456
495,0.7194048871261062,0.729813841338096,0.056633141762452106
496,0.7227856171206478,0.7250631822487316,0.04693486590038314
497,0.7045300402616604,0.7142041833262626,0.05902777777777777
498,0.7106152325479894,0.706059916655643,0.10009578544061301
499,0.7254900794124354,0.7162401800788473,0.08764367816091953
500,0.7295470094964834,0.7393152294318951,0.07147988505747127
501,0.7139958273160357,0.7223483800818119,0.05232279693486589
502,0.7045300402616604,0.7135256575722076,0.07758620689655171
503,0.7194048871261062,0.7182763166615721,0.21479885057471265
504,0.7112913650242484,0.7223483800818119,0.08824233716475097
505,0.7160242923580599,0.718954842415627,0.07327586206896552
506,0.7038539077854017,0.7155617941549323,0.044540229885057465
507,0.7065584376904367,0.7094534543218277,0.03292624521072797
508,0.7018255779698729,0.7121682564887476,0.08393199233716475
509,0.7079107702562021,0.706738722069978,0.06525383141762453
510,0.7254900794124354,0.7155617941549323,0.06621168582375478
511,0.7336037367407885,0.7413512261844802,0.07974137931034483
512,0.7410412615928829,0.7413512261844802,0.0573515325670498
513,0.7464503214029531,0.7467808305183196,0.06345785440613028
514,0.7471264538792121,0.750174088524224,0.08381226053639845
515,0.7457741213134469,0.7528887508610046,0.3063936781609195
516,0.718052757400084,0.7257415681726466,0.1024904214559387
517,0.7065584376904367,0.7114893811593429,0.10715996168582376
518,0.7356322017828124,0.7094534543218277,0.09291187739463602
519,0.7437457238846704,0.7467808305183196,0.08465038314176246
520,0.7613251682673988,0.7610330175316232,0.0988984674329502
521,0.7491547836947406,0.7393152294318951,0.0828544061302682
522,0.7403650615033764,0.7474593562723745,0.08608716475095785
523,0.7315752716987644,0.7366005670951156,0.13182471264367815
524,0.7518593812130235,0.7481380917716395,0.07770593869731801
525,0.7667342280774693,0.7610330175316232,0.2005507662835249
526,0.7734955528400572,0.7793570582199566,0.11542145593869732
527,0.7674103605537282,0.7739276636313271,0.13481800766283525
528,0.7653818955117041,0.7691770744570324,0.08153735632183909
529,0.763353633309423,0.7739276636313271,0.16511015325670497
530,0.7599728357016337,0.7589968110338284,0.101772030651341
531,0.7755240178820811,0.773249137877272,0.11302681992337166
532,0.7707909553217743,0.7841079270545314,0.09470785440613028
533,0.7701148228455156,0.7708738432901249,0.15469348659003831
534,0.7883704673177506,0.7810239733181717,0.09746168582375478
535,0.7978363895986215,0.7918508812235255,0.06261973180076627
536,0.8228532236069489,0.8033544970911136,0.05639367816091954
537,0.8025693169324329,0.8047080528457252,0.22425766283524903
538,0.805949911700479,0.7776405733371331,0.8392001915708812
539,0.8187964287493962,0.8175650846377854,0.12751436781609196
540,0.8113589715105495,0.8175650846377854,0.18342911877394635
541,0.8539553851281009,0.8013245130345462,0.16738505747126436
542,0.8695063644688056,0.8568129578912719,0.19384578544061304
543,0.9012845908529686,0.8439556464389316,0.3182471264367816
544,0.9898578776296226,0.90553432312564,0.3550047892720306
545,0.987829547814094,0.973879590029216,0.13350095785440613
546,0.9567273862929419,0.9501956503318035,0.07818486590038315
547,0.9614604488532489,0.9650827360955007,0.1024904214559387
548,0.959431983811225,0.9562854626713652,0.02789750957854406
549,0.9621364461030123,0.9657590944823865,0.05483716475095785
550,0.951994526572378,0.9549324662373136,0.13625478927203066
551,0.9432048043810138,0.946135472473458,0.2765804597701149
552,0.9141311079018858,0.9238048088703766,0.16918103448275862
553,0.9107505131338395,0.9095942213237048,0.06872605363984674
554,0.9168355701936731,0.9109476372481763,0.06681034482758622
555,0.9303582873320967,0.9231278911629307,0.10009578544061301
556,0.9323867523741208,0.9197447708421717,0.058788314176245214
557,0.9384719446604498,0.91839121508756,0.12380268199233715
558,0.9290059547663313,0.9271883486815556,0.0966235632183908
559,0.9066936506630391,0.9102708593708705,0.1315852490421456
560,0.8911426037090869,0.8906471674468722,0.3354885057471264
561,0.915483440467651,0.8852338533243357,0.07974137931034483
562,0.9296821548558379,0.9116242752953422,0.09506704980842912
563,0.9087220480918156,0.9109476372481763,0.08931992337164751
564,0.9175117026699321,0.9001207992578936,0.06369731800766285
565,0.9093981805680741,0.9089177930217488,0.07315613026819923
566,0.9418525394284961,0.8967373293617847,0.1584051724137931
567,0.9418525394284961,0.9231278911629307,0.06932471264367815
568,0.9567273862929419,0.9468119706904837,0.05962643678160919
569,0.9770114281939534,0.9474890282280698,0.04250478927203065
570,0.9736306981994115,0.9630525422937232,0.06381704980842912
571,0.9634887786687775,0.9623760440766974,0.13577586206896552
572,0.9614604488532489,0.9542556883600076,0.2705938697318007
573,0.9560512538166831,0.9569623803788109,0.11566091954022989
574,0.958079718858707,0.9353084946530353,0.11781609195402298
575,0.9533467915248958,0.9542556883600076,0.1052442528735632
576,0.9432048043810138,0.9413986565679476,0.1648706896551724
577,0.9357673471421671,0.9346319964360094,0.059985632183908046
578,0.9283298222900728,0.9326015229739523,0.054358237547892714
579,0.933738882100143,0.9380149769266285,0.09219348659003831
580,0.9276538250403091,0.9136545390121894,0.09422892720306514
581,0.9350912146659082,0.9244814469175423,0.16463122605363983
582,0.9006083907634622,0.9048575452483342,0.20665708812260536
583,0.9060174505735324,0.8818503135131565,0.05986590038314176
584,0.9269776925640506,0.90553432312564,0.07016283524904215
585,0.9161595729439099,0.9217746849836693,0.10129310344827586
586,0.89925626103744,0.9014741452672949,0.042624521072796934
587,0.8951993309533918,0.8886171134752349,0.06896551724137931
588,0.9134549754256268,0.8906471674468722,0.04741379310344827
589,0.9087220480918156,0.9068875992199715,0.12176724137931036
590,0.9181879027594383,0.9102708593708705,0.2388649425287356
591,0.8235293560832077,0.8162115288831736,0.15888409961685823
592,0.7680864930299868,0.760723363686728,0.0827346743295019
593,0.7762000151318448,0.7668135256016401,0.07088122605363983
594,0.774171685316316,0.7688437194034176,0.0762691570881226
595,0.7870181347519855,0.7837308051671151,0.11458333333333334
596,0.8113589715105495,0.7833927658038121,0.08680555555555555
597,0.813387368939326,0.8110561314537551,0.1360153256704981
598,0.7937794595145732,0.7847418469939457,0.18833812260536398
599,0.8289384158932779,0.7671992470426624,0.234794061302682
600,0.8302906808457958,0.8137550628997919,0.08381226053639845
601,0.8370520732216312,0.8259000097042114,0.12080938697318008
602,0.8573359798961472,0.8366954558280782,0.36506226053639845
603,0.8512507876098182,0.8501897634829115,0.13577586206896552
604,0.8580121123724062,0.8454669305913948,0.5068247126436781
605,0.9026368558054864,0.8609858388424078,0.07387452107279693
606,0.8742392918026171,0.8603106690117114,0.21443965517241378
607,0.8728870268500996,0.8690822136900979,0.18654214559386972
608,0.8336713432270896,0.835345885232455,0.05028735632183908
609,0.8160918312311133,0.8178033551962419,0.08991858237547892
610,0.8221770911306902,0.801610116095372,0.19659961685823754
611,0.8235293560832077,0.801610116095372,0.17672413793103448
612,0.8478701928417719,0.8238758285984517,0.18031609195402298
613,0.8668017669505227,0.8434430291459146,0.09243295019157088
614,0.8302906808457958,0.8346714145524582,0.1476293103448276
615,0.8275860833275127,0.8218515775776217,0.08524904214559387
616,0.8113589715105495,0.8090316007726454,0.10320881226053638
617,0.8438132627577238,0.8043087678811286,0.07746647509578544
618,0.8444893952339824,0.8420933886352221,0.11829501915708812
619,0.8350236081796073,0.8225261880877585,0.06968390804597702
620,0.8377280704713946,0.825225259363935,0.1423611111111111
621,0.8106827714210428,0.8083571300926485,0.12895114942528735
622,0.7883704673177506,0.7914890707364323,0.11206896551724138
623,0.7985123868483847,0.7746210812952857,0.054118773946360145
624,0.8012169843666678,0.799585725244402,0.05938697318007662
625,0.7762000151318448,0.7725969001895258,0.039750957854406126
626,0.7789046126501274,0.7705726491686958,0.033764367816091954
627,0.7978363895986215,0.777320152571462,0.08321360153256704
628,0.7978363895986215,0.7874409182701222,0.09530651340996169
629,0.813387368939326,0.7948627525227453,0.07602969348659003
630,0.8235293560832077,0.8124055622192384,0.13613505747126436
631,0.8215008910411835,0.8097066307732018,0.11434386973180077
632,0.8113589715105495,0.8083571300926485,0.2252155172413793
633,0.8093306416950207,0.7833927658038121,0.055795019157088115
634,0.8262339536014905,0.8144294636647186,0.07064176245210727
635,0.8235293560832077,0.8164537146855485,0.0799808429118774
636,0.8343474757033483,0.817128744686105,0.0820162835249042
637,0.8424611330317017,0.8366954558280782,0.6275143678160919
638,0.8350236081796073,0.829273551660385,0.08524904214559387
639,0.8282622834170194,0.827249300639555,0.10620210727969348
640,0.8025693169324329,0.8022847965205787,0.08022030651340994
641,0.7937794595145732,0.7887902791205356,0.06549329501915707
642,0.7755240178820811,0.771922289679389,0.09111590038314177
643,0.7917511973122923,0.7685486078930758,0.11266762452107279
644,0.7802569452158928,0.7800191539325688,0.15349616858237547
645,0.7417173940691416,0.7415595730929895,0.08069923371647508
646,0.7261662118886939,0.7219928619510162,0.06848659003831417
647,0.7295470094964834,0.7091728851460398,0.028735632183908046
648,0.7356322017828124,0.7273907248430894,0.03244731800766283
649,0.728194676930718,0.7314388773093997,0.10021551724137931
650,0.7261662118886939,0.7132213871876999,0.05962643678160919
651,0.7248140821626717,0.7246916535669129,0.15014367816091953
652,0.7072346377799433,0.7051248725098697,0.14631226053639848
653,0.7119674975005071,0.7017509110632766,0.1307471264367816
654,0.7011494454936144,0.6977027585969667,0.04849137931034483
655,0.7410412615928829,0.7017509110632766,0.06884578544061301
656,0.728870809406977,0.7192938605899096,0.05196360153256705
657,0.7369843315088346,0.723679632929103,0.07100095785440613
658,0.7464503214029531,0.7317518870776537,0.060225095785440615
659,0.77755234769761,0.7485696075834919,0.09710249042145594
660,0.7789046126501274,0.7687506624452879,0.05495689655172414
661,0.7897227322702681,0.7714414138281381,0.0443007662835249
662,0.7937794595145732,0.784895380487599,0.07830459770114942
663,0.7897227322702681,0.7694231055882556,0.09566570881226052
664,0.7863421375022218,0.7822045591896788,0.07171934865900384
665,0.787694267228244,0.7485696075834919,0.10488505747126436
666,0.7870181347519855,0.7606781286364576,0.10213122605363983
667,0.7836375399839391,0.7822045591896788,0.32770593869731796
668,0.6903313258734737,0.6550642141951643,0.16546934865900384
669,0.7119674975005071,0.6880265828282434,0.24820402298850572
670,0.7045300402616604,0.6880265828282434,0.13757183908045978
671,0.7322514717882708,0.7021529926306717,0.1336206896551724
672,0.7336037367407885,0.720988462055833,0.07890325670498083
673,0.7376605315983412,0.720988462055833,0.029693486590038315
674,0.7545638435048111,0.7216614645193603,0.10320881226053638
675,0.7565922409335876,0.7505874963329545,0.054118773946360145
676,0.7552399759810696,0.7431881747328614,0.04885057471264368
677,0.7572683734098461,0.7485696075834919,0.01903735632183908
678,0.7701148228455156,0.7485696075834919,0.025622605363984675
679,0.7687626931194934,0.7633690897645175,0.051005747126436775
680,0.7586207059756115,0.7465515790038891,0.04298371647509578
681,0.7863421375022218,0.7573145845352899,0.06393678160919539
682,0.7951317920803384,0.7781683622003334,0.171455938697318
683,0.8005408518904088,0.7835499348811038,0.08225574712643677
684,0.7849898049364566,0.7842225877692813,0.07267720306513409
685,0.7762000151318448,0.7707682715344705,0.07088122605363983
686,0.7816090749419148,0.7620235742429525,0.05866858237547893
687,0.7937794595145732,0.7835499348811038,0.11386494252873564
688,0.7748478854058226,0.7714414138281381,0.11901340996168583
689,0.7565922409335876,0.7485696075834919,0.09063697318007663
690,0.742393391318905,0.7364608068702462,0.22341954022988506
691,0.7308991392225056,0.7196435058548277,0.16367337164750959
692,0.7207572196918716,0.714934655977305,0.21036877394636014
693,0.7045300402616604,0.6880265828282434,0.17385057471264367
694,0.6801892035030962,0.6658273595567047,0.1336206896551724
695,0.6781608736875676,0.6678456677965873,0.1314655172413793
696,0.6673428216806746,0.6490096390508663,0.364463601532567
697,0.6862743957894254,0.6523733229821741,0.10943486590038315
698,0.6727518138774972,0.6644818440351398,0.13565613026819923
699,0.6619337618706042,0.6483372658229688,0.07471264367816091
700,0.6321838653019699,0.62075639995559,0.10512452107279693
701,0.6470587121664156,0.6079749463541667,0.23599137931034483
702,0.6585529642628148,0.6254653197481826,0.19887452107279693
703,0.6761324762587911,0.6517006700939966,0.08620689655172414
704,0.6883028608314495,0.6685181808546249,0.0988984674329502
705,0.6937119206415198,0.6745723365085027,0.0617816091954023
706,0.6910074583497322,0.6873537901099259,0.2532327586206896
707,0.6815415360688614,0.6691906239975925,0.15505268199233715
708,0.689655125783967,0.6725543079289001,0.11530172413793105
709,0.6903313258734737,0.6745723365085027,0.10512452107279693
710,0.7085867675059655,0.6806267019075914,0.10512452107279693
711,0.7194048871261062,0.6772634374667029,0.14319923371647508
712,0.6889789933077083,0.6732272404773577,0.13781130268199235
713,0.689655125783967,0.6752452690569603,0.05280172413793103
714,0.6653143566386505,0.6617913023974996,0.038553639846743294
715,0.6781608736875676,0.6644818440351398,0.058908045977011485
716,0.6815415360688614,0.6490096390508663,0.057112068965517244
717,0.6943880531177785,0.6658273595567047,0.05136494252873563
718,0.6889789933077083,0.6591002713543695,0.1251197318007663
719,0.6984448479753312,0.6866814168820284,0.049329501915708805
720,0.7160242923580599,0.6691906239975925,0.13266283524904215
721,0.6943880531177785,0.6772634374667029,0.039032567049808425
722,0.6916834555994958,0.6860084144185009,0.07938218390804597
723,0.7112913650242484,0.6725817845513983,0.08704501915708812
724,0.7085867675059655,0.6672113283667532,0.10680076628352489
725,0.7146719597922947,0.692721869182192,0.07327586206896552
726,0.7200810196023649,0.7027914570496342,0.059985632183908046
727,0.7126436975900136,0.7068194040607231,0.26987547892720304
728,0.7038539077854017,0.6987634401234756,0.09434865900383141
729,0.7275185444544593,0.6772811259794053,0.19204980842911878
730,0.718052757400084,0.712190139905648,0.5318486590038314
731,0.7951317920803384,0.6665398640347652,0.3666187739463601
732,0.845165595323489,0.818260110348353,0.06740900383141762
733,0.8613927071404522,0.8390712398207155,0.08991858237547892
734,0.8296145483695369,0.8216168726877336,0.34961685823754785
735,0.830966880935302,0.8115468653298717,0.0908764367816092
736,0.8201487613151613,0.8088614274923392,0.03532088122605364
737,0.8242054885594666,0.8095330316544674,0.11530172413793105
738,0.8492223225677941,0.8008054635550917,0.13840996168582376
739,0.8607165746641935,0.8316866003853159,0.11434386973180077
740,0.8715346942843342,0.8323582744625139,0.0603448275862069
741,0.845165595323489,0.8404139587394813,0.06980363984674329
742,0.8607165746641935,0.8209455481858857,0.06812739463601533
743,0.826909950851254,0.8108756107430936,0.06381704980842912
744,0.8586882448486649,0.8142323730824742,0.048970306513409965
745,0.8526030525623357,0.8444419756656404,0.08441091954022989
746,0.8526030525623357,0.8236304966179283,0.08872126436781608
747,0.8857335438990167,0.8511550808539817,0.09674329501915707
748,0.874915424278876,0.867267008728477,0.017600574712643674
749,0.8627450397062174,0.8498125017653554,0.05280172413793103
750,0.8566598474198884,0.8518265451859698,0.04944923371647509
751,0.855307514854123,0.842427862329956,0.02238984674329502
752,0.8546313823778645,0.8384000551490071,0.034961685823754786
753,0.8526030525623357,0.8404139587394813,0.13541666666666666
754,0.8377280704713946,0.827658373713947,0.20821360153256704
755,0.8377280704713946,0.8222880573594421,0.021551724137931036
756,0.8465178602760065,0.82295945177636,0.08405172413793102
757,0.8681540995162879,0.8363859418133227,0.05567528735632183
758,0.8668017669505227,0.8444419756656404,0.08548850574712644
759,0.8580121123724062,0.847127203757963,0.11099137931034483
760,0.8654496372245005,0.8524980794330278,0.09207375478927202
761,0.8634211721824764,0.8451131603373486,0.11901340996168583
762,0.8600405774144301,0.8451131603373486,0.13757183908045978
763,0.8465178602760065,0.8350432928096264,0.11709770114942528
764,0.8363759407453725,0.82295945177636,0.085727969348659
765,0.8275860833275127,0.8128895143335683,0.061901340996168584
766,0.8187964287493962,0.8008054635550917,0.04920977011494252
767,0.8356997406558658,0.8209455481858857,0.0733955938697318
768,0.8526030525623357,0.8343721780529881,0.05088601532567049
769,0.8830289463807336,0.8464555995958348,0.08309386973180077
770,0.8336713432270896,0.827658373713947,0.06321839080459771
771,0.8228532236069489,0.8048336902264602,0.09925766283524903
772,0.8194726288389028,0.806847453986795,0.16666666666666666
773,0.8140635690288324,0.8001343487984535,0.08309386973180077
774,0.8086545092187621,0.7914069205292179,0.04609674329501916
775,0.8039214466584551,0.7927497792781241,0.03508141762452107
776,0.806626044176738,0.7940922884516802,0.04705459770114942
777,0.8073021766529968,0.7947636828685986,0.07303639846743296
778,0.8181202962731374,0.7907356659424397,0.12068965517241378
779,0.77755234769761,0.7591829948651577,0.14858716475095785
780,0.7897227322702681,0.755826372355917,0.11434386973180077
781,0.8255578211252318,0.7967777262892127,0.1396072796934866
782,0.8668017669505227,0.818260110348353,0.11494252873563218
783,0.8586882448486649,0.8330290396438021,0.0530411877394636
784,0.8681540995162879,0.8504838262672038,0.051005747126436775
785,0.8972277959954159,0.8665955443964889,0.07016283524904215
786,0.8843812789464988,0.8665955443964889,0.07375478927203064
787,0.874915424278876,0.8478328565591661,0.049329501915708805
788,0.8891141386670628,0.86592575802618,0.09758141762452108
789,0.8789722191364285,0.8652552725051715,0.0739942528735632
790,0.8972277959954159,0.8665955443964889,0.12176724137931036
791,0.9296821548558379,0.8880389158465863,0.06249999999999999
792,0.8951993309533918,0.8706164299855107,0.0334051724137931
793,0.9080459156155566,0.8726264183320668,0.10225095785440613
794,0.9513183264828716,0.8598948840906019,0.2586206896551724
795,0.9898578776296226,0.9711309489684309,0.17049808429118773
796,0.9803920905752473,0.955048385423323,0.06549329501915707
797,0.9364434796184259,0.9262344973819604,0.249161877394636
798,0.9053413180972739,0.8920594518602584,0.06932471264367815
799,0.8985801285611813,0.8880389158465863,0.09758141762452108
800,0.8979039284716749,0.8766471640909496,0.03819444444444444
801,0.8857335438990167,0.8773173699516775,0.0355603448275862
802,0.8918187361853457,0.8820079020808683,0.05363984674329502
803,0.8823529491309704,0.8531940839545752,0.04861111111111111
804,0.9073697831392978,0.8692758085188438,0.11218869731800765
805,0.9073697831392978,0.898760321911355,0.15648946360153257
806,0.8877620089410406,0.8552043519614115,0.07974137931034483
807,0.8640973046587354,0.8397919942770321,0.18318965517241378
808,0.8221770911306902,0.803606261258074,0.1366139846743295
809,0.830966880935302,0.803606261258074,0.07902298850574713
810,0.845165595323489,0.8096374148539321,0.07483237547892721
811,0.8661256344742637,0.8330907746505852,0.06896551724137931
812,0.8722108267605929,0.8572143403079674,0.116977969348659
813,0.8776198865706634,0.851853602318048,0.08081896551724138
814,0.8708586970345708,0.854534076185613,0.07854406130268199
815,0.8546313823778645,0.8444825264062225,0.040229885057471264
816,0.8404326679896775,0.8223695084159565,0.0798611111111111
817,0.8796483516126873,0.8371112407491875,0.12631704980842912
818,0.8870858764647819,0.8531940839545752,0.15936302681992337
819,0.8397565355134186,0.8223695084159565,0.06345785440613028
820,0.874915424278876,0.8183489024872145,0.09398946360153257
821,0.870182564558312,0.8525235285184968,0.031848659003831416
822,0.8674779670400291,0.8531940839545752,0.09698275862068964
823,0.8343474757033483,0.8243794967625134,0.039272030651340994
824,0.8350236081796073,0.8237097103922039,0.04980842911877394
825,0.8235293560832077,0.8029366147179052,0.07866379310344826
826,0.831643013411561,0.8196887548881121,0.037835249042145594
827,0.851926920086077,0.8149981528438514,0.08955938697318008
828,0.8654496372245005,0.803606261258074,0.10440613026819923
829,0.7964840570328561,0.7828334452440552,0.061901340996168584
830,0.7816090749419148,0.7714422528089776,0.04058908045977011
831,0.7822852074181738,0.7707716973728994,0.03699712643678161
832,0.7944556596040796,0.7674215070500957,0.07028256704980843
833,0.7843136724601979,0.7667513011893671,0.03603927203065134
834,0.8154156987548545,0.77546250916237,0.052921455938697314
835,0.8181202962731374,0.7667513011893671,0.1344588122605364
836,0.8296145483695369,0.8096374148539321,0.1475095785440613
837,0.8431372655079602,0.8190187587725933,0.07004310344827586
838,0.8708586970345708,0.8330907746505852,0.03795498084291188
839,0.8850574114227577,0.8485032721651046,0.018558429118773943
840,0.8776198865706634,0.8665955443964889,0.08057950191570881
841,0.8438132627577238,0.8170084907657581,0.0683668582375479
842,0.923596962569509,0.8371112407491875,0.46659482758620685
843,0.9127788429493683,0.894069789782164,0.1787595785440613
844,0.9438810044705203,0.8826781079415967,0.38697318007662834
845,0.8539553851281009,0.8223695084159565,0.09039750957854406
846,0.8431372655079602,0.8223695084159565,0.038553639846743294
847,0.8323190106613242,0.8062872245311291,0.04418103448275862
848,0.8242054885594666,0.80561673901012,0.04968869731800766
849,0.8498984550440528,0.8102987415007746,0.03891283524904214
850,0.8329951431375832,0.8196623269916635,0.10320881226053638
851,0.8235293560832077,0.8102987415007746,0.04980842911877394
852,0.7971602571223625,0.7795325450455802,0.09829980842911876
853,0.8187964287493962,0.7835455302316957,0.17828065134099616
854,0.806626044176738,0.7755196297745349,0.25167624521072796
855,0.8242054885594666,0.7942466609261732,0.1315852490421456
856,0.8384042029476534,0.8136429191275606,0.06357758620689655
857,0.8580121123724062,0.8203313442962027,0.06393678160919539
858,0.8634211721824764,0.8357140579909149,0.02071360153256705
859,0.8593644449381713,0.8383895678885117,0.047892720306513405
860,0.8546313823778645,0.8189934495172645,0.07171934865900384
861,0.8661256344742637,0.8450775735667339,0.06010536398467433
862,0.8911426037090869,0.8430711508887462,0.06106321839080459
863,0.8823529491309704,0.863804884378652,0.0603448275862069
864,0.888438006190804,0.8651427092425205,0.058908045977011485
865,0.8870858764647819,0.8711619772764837,0.19755747126436782
866,0.9053413180972739,0.8624674090901335,0.06238026819923371
867,0.9080459156155566,0.8905583053929406,0.06776819923371646
868,0.9012845908529686,0.8798569649532532,0.11721743295019157
869,0.9411764069522374,0.8805255627673726,0.08093869731800765
870,0.9702501034313656,0.9239993825101019,0.14152298850574713
871,0.9763352957176946,0.9313565453230034,0.09782088122605365
872,0.9844488178195522,0.9460710806940161,0.1417624521072797
873,0.98309668809353,0.948077223711724,0.11518199233716475
874,0.9810682230515059,0.9554341767794151,0.0530411877394636
875,0.9898578776296226,0.9641288847959054,0.039032567049808425
876,0.9993237999104935,0.960785056744469,0.022749042145593867
877,0.9999999999999999,0.9748303650657325,0.08488984674329503
878,0.9952670726661884,0.9587786340664813,0.020354406130268198
879,0.9824204880040238,0.9641288847959054,0.0516044061302682
880,0.9986476674342347,0.9688110271166998,0.04657567049808429
881,0.9966192023922106,0.973492889777214,0.08141762452107279
882,0.9966192023922106,0.961453934218868,0.0828544061302682
883,0.991210210195388,0.9701486422353579,0.3886494252873563
884,0.9797158904857407,0.9540969112361067,0.11865421455938696
885,0.9810682230515059,0.948077223711724,0.1162595785440613
886,0.98309668809353,0.9567719317282136,0.09997605363984674
887,0.9817443555277648,0.966135377388963,0.15433429118773948
888,0.98309668809353,0.9647979021004444,0.10009578544061301
889,0.9797158904857407,0.9647979021004444,0.08105842911877395
890,0.9817443555277648,0.9520902088978392,0.12535919540229884
891,0.9377958121841913,0.9246682599845012,0.21240421455938696
892,0.9215686327539802,0.8985841359350316,0.08644636015325671
893,0.8958755310428984,0.8791880175637842,0.05806992337164751
894,0.8945231984771332,0.8651427092425205,0.11937260536398467
895,0.8999322582872035,0.855110316192302,0.09339080459770113
896,0.9100743806575807,0.8704931697171542,0.05806992337164751
897,0.89925626103744,0.8785191400893849,0.13697318007662834
898,0.8661256344742637,0.8450775735667339,0.04442049808429119
899,0.8640973046587354,0.8470841360748617,0.16115900383141762
900,0.8431372655079602,0.8276882973638943,0.049329501915708805
901,0.8302906808457958,0.8123051641787621,0.04394157088122605
902,0.8194726288389028,0.8069544939589185,0.07159961685823754
903,0.805949911700479,0.7862209702142225,0.32794540229885055
904,0.7836375399839391,0.7661561141987158,0.20186781609195403
905,0.7620013007436578,0.7400717104889664,0.09530651340996169
906,0.7883704673177506,0.7387343750305878,0.16367337164750959
907,0.7768761476081033,0.7480976808611969,0.2764607279693486
908,0.7532115109390457,0.6705134870364876,0.19731800766283525
909,0.7153481598818011,0.7046237212883278,0.1897749042145594
910,0.6822176685451203,0.6591434788676108,0.21443965517241378
911,0.660581429304839,0.6231012814873002,0.10775862068965517
912,0.6301554002599458,0.6070822707407947,0.10392720306513409
913,0.6450304499641345,0.6024103360202159,0.08488984674329503
914,0.6450304499641345,0.6077500994891444,0.13409961685823754
915,0.6436781173983693,0.6044127036241457,0.15948275862068967
916,0.6389451900645576,0.6177617277635817,0.12811302681992337
917,0.6713995489249797,0.6130894434676529,0.14331896551724138
918,0.6774847412113089,0.6431249575265948,0.14882662835249041
919,0.7417173940691416,0.6531363760558223,0.2077346743295019
920,0.679513206253333,0.6591434788676108,0.0319683908045977
921,0.6991209804515902,0.6611457765564702,0.025742337164750953
922,0.6815415360688614,0.6558062228327516,0.1926484674329502
923,0.6883028608314495,0.6651508613396789,0.08165708812260536
924,0.6916834555994958,0.675162419699047,0.09470785440613028
925,0.6822176685451203,0.6364502357116667,0.05759099616858237
926,0.6653143566386505,0.6351154171958072,0.14212164750957854
927,0.6335361978677351,0.6124218943795833,0.06740900383141762
928,0.6315077328257109,0.6004081781614964,0.04298371647509578
929,0.625422540539382,0.6064148614828652,0.040469348659003826
930,0.6186611481635461,0.5930660470886385,0.0559147509578544
931,0.6227180782475944,0.6064148614828652,0.031369731800766285
932,0.6105476260616886,0.5890613118807796,0.056633141762452106
933,0.6193373482530528,0.6030777452781458,0.02310823754789272
934,0.6328599977782287,0.605747731885215,0.021791187739463598
935,0.6382690575882991,0.6137571323858627,0.07746647509578544
936,0.6416496523563452,0.617094038845372,0.031130268199233715
937,0.6436781173983693,0.6184292768516516,0.14343869731800765
938,0.6443542498746281,0.6150918809866525,0.03699712643678161
939,0.640297522630323,0.6251034393460201,0.014966475095785439
940,0.6375929251120401,0.6177617277635817,0.0341235632183908
941,0.65449623701851,0.617094038845372,0.022030651340996167
942,0.6693710838829555,0.6451271853003843,0.05399904214559386
943,0.6666666215911682,0.6484642315900336,0.05387931034482759
944,0.6260986730156405,0.6004081781614964,0.07088122605363983
945,0.6044624337753594,0.5797169530341323,0.02813697318007663
946,0.6051385662516181,0.5830544887292713,0.027059386973180076
947,0.6010817037808177,0.5857240558459204,0.08488984674329503
948,0.6037863012991006,0.575712497486553,0.036637931034482756
949,0.5787693320642776,0.5543537931861889,0.026340996168582376
950,0.5794454645405364,0.5623634034320469,0.05699233716475096
951,0.5835023946245844,0.5650332502089762,0.11661877394636017
952,0.6227180782475944,0.5770474558325528,0.12476053639846743
953,0.6430019849221104,0.6150918809866525,0.025023946360153253
954,0.6470587121664156,0.6317782310760179,0.15780651340996169
955,0.640297522630323,0.6204315745405117,0.038074712643678156
956,0.6497633096846983,0.6311108218180882,0.023467432950191568
957,0.6193373482530528,0.6030777452781458,0.04525862068965517
958,0.6308316003494522,0.6044127036241457,0.03364463601532567
959,0.635564460070016,0.6177617277635817,0.06309865900383141
960,0.6308316003494522,0.6044127036241457,0.03172892720306513
961,0.6484110447321808,0.6077500994891444,0.024664750957854406
962,0.6416496523563452,0.6257712680943696,0.07423371647509577
963,0.640297522630323,0.6184292768516516,0.10009578544061301
964,0.6511156422504635,0.6331131195069476,0.02478448275862069
965,0.6369167926357812,0.6150918809866525,0.31645114942528735
966,0.6409735198800864,0.6231012814873002,0.23120210727969348
967,0.6463825796901567,0.62443582034288,0.03220785440613027
968,0.6375929251120401,0.617094038845372,0.0530411877394636
969,0.660581429304839,0.6264383976920195,0.06896551724137931
970,0.660581429304839,0.6351154171958072,0.08069923371647508
971,0.6409735198800864,0.6251034393460201,0.09841954022988506
972,0.6348883275937572,0.601743136507496,0.08417145593869732
973,0.650439509774205,0.5984129418947038,0.037116858237547894
974,0.6572008345367927,0.6084031761577303,0.06441570881226052
975,0.6626098943468631,0.636376195652569,0.11302681992337166
976,0.6389451900645576,0.6183938998262469,0.04370210727969349
977,0.6233942107238531,0.5930845745821806,0.04525862068965517
978,0.6274509379681584,0.6077371652012001,0.09255268199233715
979,0.6375929251120401,0.5964147691949727,0.0559147509578544
980,0.6835699334976378,0.6157294365097054,0.1598419540229885
981,0.699797112927849,0.6590210575800938,0.05028735632183908
982,0.6883028608314495,0.6703438730767414,0.1657088122605364
983,0.6903313258734737,0.662351531853166,0.062260536398467424
984,0.7133198300662725,0.6829983609110996,0.06501436781609196
985,0.7072346377799433,0.6829983609110996,0.025742337164750953
986,0.7200810196023649,0.6976506019547694,0.04825191570881226
987,0.6869505958789318,0.667013258973529,0.18378831417624522
988,0.6761324762587911,0.6510289960167986,0.029813218390804593
989,0.6842461335871445,0.6483646026153268,0.0878831417624521
990,0.6937119206415198,0.6630171233192764,0.04298371647509578
991,0.6869505958789318,0.6596869986215542,0.09925766283524903
992,0.7018255779698729,0.6596869986215542,0.05340038314176245
993,0.6957403856835439,0.6630171233192764,0.10584291187739464
994,0.6801892035030962,0.6490308233170673,0.051005747126436775
995,0.6774847412113089,0.6556910027974417,0.057471264367816084
996,0.6659904891149094,0.6417047027952324,0.11135057471264367
997,0.6342123303439938,0.6157294365097054,0.18043582375478928
998,0.622041878158088,0.603074808845207,0.05675287356321839
999,0.5977011090127714,0.5737696975222378,0.09650383141762453
1000,0.6294792677836868,0.5904207405012692,0.04741379310344827
1001,0.6348883275937572,0.6170614584227664,0.12643678160919541
1002,0.5774172023382554,0.5591170369881483,0.06106321839080459
1003,0.5496957708116449,0.5231520258450842,0.08165708812260536
1004,0.5456388407275968,0.505835181654733,0.10895593869731801
1005,0.5632183527235729,0.5464626889839298,0.5216714559386973
1006,0.5801216646300428,0.56178129055948,0.0501676245210728
1007,0.5720081425281852,0.5404686602902257,0.06944444444444445
1008,0.57606486977249,0.5517909164663134,0.09279214559386972
1009,0.5720081425281852,0.5371383258472936,0.03388409961685824
1010,0.5733602722542074,0.5298122053254587,0.22617337164750959
1011,0.5801216646300428,0.5597833975200285,0.0617816091954023
1012,0.5841783918743481,0.5531230082944442,0.05531609195402299
1013,0.5807977971063017,0.548460721853521,0.05639367816091954
1014,0.5909397166369358,0.5504590343833923,0.04513888888888889
1015,0.6132520883534759,0.5751019990955787,0.037835249042145594
1016,0.617309018437524,0.5917524128389796,0.036877394636015325
1017,0.6233942107238531,0.5984129418947038,0.02646072796934866
1018,0.6240702079736166,0.5977468610231035,0.016762452107279693
1019,0.6260986730156405,0.6024088678037466,0.03005268199233716
1020,0.6362406601595226,0.5984129418947038,0.02454501915708812
1021,0.6463825796901567,0.6243881382651609,0.06130268199233716
1022,0.6321838653019699,0.6150634255531752,0.059985632183908046
1023,0.6369167926357812,0.6077371652012001,0.08488984674329503
1024,0.6085192286329121,0.5857581744000656,0.33381226053639845
1025,0.5943205142447251,0.5651116250024119,0.05759099616858237
1026,0.6132520883534759,0.5711057935262559,0.057231800766283515
1027,0.6125759558772171,0.5884224279713973,0.35332854406130265
1028,0.6098714935854296,0.5717718044827863,0.06489463601532566
1029,0.625422540539382,0.5950826074517718,0.04250478927203065
1030,0.6037863012991006,0.5790977851744815,0.06704980842911876
1031,0.6166328859612654,0.5904207405012692,0.061901340996168584
1032,0.653820104542251,0.5950826074517718,0.33357279693486586
1033,0.6409735198800864,0.6104010691971818,0.08141762452107279
1034,0.6335361978677351,0.6070712241597397,0.03125
1035,0.6450304499641345,0.6090688375389112,0.07231800766283525
1036,0.6396213901540643,0.6044071104185477,0.055795019157088115
1037,0.65990529682858,0.6187267654743721,0.03699712643678161
1038,0.650439509774205,0.6260454050837204,0.09865900383141762
1039,0.6423258524458516,0.617395652457221,0.04753352490421456
1040,0.640297522630323,0.6014278894570032,0.10704022988505746
1041,0.6565247020605341,0.6134041311975863,0.08908045977011494
1042,0.650439509774205,0.6207227708069344,0.2625718390804597
1043,0.6916834555994958,0.6499971194991171,0.17995689655172414
1044,0.7058823052141782,0.6652991512030847,0.0617816091954023
1045,0.7139958273160357,0.6932430161137456,0.1220067049808429
1046,0.718052757400084,0.6832633390262844,0.17277298850574713
1047,0.6950641855940375,0.6573151997879055,0.4207375478927203
1048,0.6443542498746281,0.6187267654743721,0.12667624521072798
1049,0.6375929251120401,0.5941095295079347,0.41451149425287354
1050,0.546991173293362,0.5175973434510691,0.05387931034482759
1051,0.5503717680614083,0.5149356767373262,0.09315134099616859
1052,0.5510479005376671,0.5249159131453475,0.06429597701149425
1053,0.537525318625739,0.5215894240312636,0.19516283524904215
1054,0.532792458905175,0.4936454192904628,0.27909482758620685
1055,0.5449627082513379,0.5195929992082816,0.03148946360153256
1056,0.5456388407275968,0.5242504615093769,0.08967911877394635
1057,0.5354969211969626,0.506952004982428,0.2216235632183908
1058,0.5158891469987054,0.47302047364942956,0.14367816091954022
1059,0.4922244427164001,0.47235530167373885,0.07147988505747127
1060,0.49695737005021157,0.46237534492599763,0.052921455938697314
1061,0.4996618323419991,0.4770123444844142,0.05136494252873563
1062,0.5138606819566814,0.4810044250646083,0.12176724137931036
1063,0.5152130145224466,0.4943109408415033,0.13338122605363983
1064,0.501690297384023,0.4836658820331413,0.0878831417624521
1065,0.5003379648182577,0.4776780757806648,0.0791427203065134
1066,0.483434652911788,0.4597138879574648,0.1897749042145594
1067,0.46315074623727204,0.4477377860470214,0.1440373563218391
1068,0.44489516937828444,0.4237864911220449,0.04489942528735632
1069,0.44016224204447296,0.4151373677311746,0.20510057471264367
1070,0.4415145069969907,0.42112517398365157,0.06405651340996169
1071,0.4489518966225897,0.42844381359299966,0.07279693486590039
1072,0.4530087590933901,0.4377583187047701,0.10189176245210727
1073,0.4617984812847543,0.4350966519910272,0.14631226053639848
1074,0.42461119509052103,0.401830572294,0.05112547892720306
1075,0.4219065975722379,0.3998349165367877,0.07674808429118773
1076,0.42258279766174456,0.39384711028431096,0.11578065134099616
1077,0.44016224204447296,0.40981445379410875,0.05866858237547893
1078,0.44083837452073193,0.4237864911220449,0.04118773946360153
1079,0.44016224204447296,0.39783905103436534,0.05363984674329502
1080,0.4259635276562862,0.40715327648585575,0.09674329501915707
1081,0.419878335369957,0.39185068546132895,0.19121168582375478
1082,0.45098036166461364,0.4084840399276576,0.12116858237547892
1083,0.45233262661713136,0.4237864911220449,0.11194923371647511
1084,0.45233262661713136,0.422455867510383,0.06776819923371646
1085,0.44016224204447296,0.425782076964187,0.11302681992337166
1086,0.43204858471611984,0.417798265379148,0.042145593869731796
1087,0.44489516937828444,0.41114521723591035,0.07531130268199232
1088,0.4665313410053181,0.4164677116825565,0.0820162835249042
1089,0.47870179319122397,0.4337664478697857,0.2025862068965517
1090,0.39012843880132253,0.37588299237618095,0.2587404214559387
1091,0.44354283681251927,0.3745522289343798,0.1569683908045977
1092,0.4841108530012944,0.425782076964187,0.08692528735632182
1093,0.46315074623727204,0.4417503992849644,0.056872605363984675
1094,0.4516564941408726,0.40781872812182673,0.271551724137931
1095,0.5361730536732213,0.4344314800153365,0.16918103448275862
1096,0.4354293147106617,0.41048004526021964,0.1323036398467433
1097,0.4394861095682142,0.39783905103436534,0.06609195402298851
1098,0.4516564941408726,0.42046000200796063,0.15672892720306514
1099,0.45706555395094284,0.39850408317991637,0.06010536398467433
1100,0.4658552085290596,0.41280849675048736,0.030172413793103446
1101,0.459094018992967,0.4287568932763236,0.07794540229885058
1102,0.4814063907095071,0.4287568932763236,0.09722222222222221
1103,0.5240026691005631,0.45600244646812815,0.19157088122605365
1104,0.5382015187152455,0.5018542175706636,0.11590038314176246
1105,0.5551048306217153,0.5071706993212924,0.16618773946360152
1106,0.5693035450099021,0.533751150452476,0.09818007662835249
1107,0.5483434382458797,0.5144802499715445,0.13709291187739464
1108,0.5361730536732213,0.5071706993212924,0.055196360153256706
1109,0.540905981007033,0.49587347274025395,0.06621168582375478
1110,0.5294117289106334,0.5011896748306027,0.05962643678160919
1111,0.5334684561549387,0.5011896748306027,0.07207854406130268
1112,0.5544286305322087,0.5098285207061869,0.17205459770114942
1113,0.5625421526340667,0.5051767914408293,0.09710249042145594
1114,0.5537524980559502,0.5251123045768923,0.10584291187739464
1115,0.5517241006271737,0.497867240790577,0.05926724137931034
1116,0.5483434382458797,0.5151445829663955,0.14092432950191572
1117,0.5618660201578077,0.5350802359325985,0.07758620689655171
1118,0.5706558099624198,0.5158092655365966,0.30962643678160917
1119,0.5706558099624198,0.5403965079380172,0.15888409961685823
1120,0.5740364047304659,0.5324221348874242,0.09458812260536398
1121,0.5943205142447251,0.5410609807630083,0.1308668582375479
1122,0.6010817037808177,0.5563450442939931,0.07650862068965517
1123,0.617309018437524,0.5928933568658142,0.04741379310344827
1124,0.6281271380576646,0.6008675201711967,0.14295977011494254
1125,0.6443542498746281,0.59688061330618,0.09758141762452108
1126,0.6883028608314495,0.6414033688436632,0.18139367816091953
1127,0.7065584376904367,0.6473840437590032,0.061422413793103446
1128,0.7167004248343188,0.6806101320360077,0.05986590038314176
1129,0.6822176685451203,0.6527003157644219,0.055795019157088115
1130,0.7119674975005071,0.6613390218098661,0.018079501915708812
1131,0.703177707695895,0.681274814606209,0.09782088122605365
1132,0.6822176685451203,0.6560226099743075,0.054358237547892714
1133,0.7065584376904367,0.6487130593240554,0.05004789272030651
1134,0.6903313258734737,0.6593452537595429,0.2670019157088122
1135,0.7092628999822242,0.6606746188999449,0.06214080459770114
1136,0.6937119206415198,0.6626679674598482,0.07602969348659003
1137,0.6903313258734737,0.6573514857092199,0.08979885057471265
1138,0.6910074583497322,0.6513711603692299,0.17923850574712644
1139,0.6639620240728853,0.6320997704828081,0.11949233716475097
1140,0.6970925154095661,0.653364788589413,0.04968869731800766
1141,0.7221094846443891,0.6586809906797618,0.13350095785440613
1142,0.7349560693065539,0.6859262642112866,0.05950670498084291
1143,0.7687626931194934,0.716493971782837,0.08429118773946359
1144,0.7748478854058226,0.7404168811894062,0.15768678160919541
1145,0.7755240178820811,0.6792811863860256,0.18271072796934865
1146,0.7870181347519855,0.7384234627144329,0.22701149425287356
1147,0.7173765573105774,0.6905778536465043,0.11542145593869732
1148,0.7234617495969066,0.6806101320360077,0.15816570881226052
1149,0.7308991392225056,0.6872552098612689,0.0878831417624521
1150,0.7336037367407885,0.6972229314717654,0.09458812260536398
1151,0.7336037367407885,0.6925713420365475,0.2193486590038314
1152,0.7052061727379192,0.6679843792954069,0.3200431034482758
1153,0.679513206253333,0.6407386862734624,0.14068486590038315
1154,0.7133198300662725,0.6314356472331669,0.13781130268199235
1155,0.7194048871261062,0.6932356750313987,0.22725095785440613
1156,0.6889789933077083,0.6613390218098661,0.2507183908045977
1157,0.6396213901540643,0.6161515837021819,0.08453065134099616
1158,0.6423258524458516,0.6095065058769208,0.12392241379310345
1159,0.6294792677836868,0.5782740458200996,0.1766044061302682
1160,0.6626098943468631,0.6214674362171807,0.21204501915708812
1161,0.6267748054918995,0.5982096987863025,0.27203065134099613
1162,0.6632858915966263,0.5899028795780036,0.18666187739463602
1163,0.6659904891149094,0.6416800227755329,0.18989463601532566
1164,0.5841783918743481,0.5626871801210761,0.1977969348659004
1165,0.5300878613868923,0.49896113197532166,0.12703544061302682
1166,0.4976335025264703,0.46444294329020874,0.20905172413793102
1167,0.5023664298602818,0.47373654379605823,0.20809386973180077
1168,0.4976335025264703,0.4677623709822255,0.13098659003831417
1169,0.5294117289106334,0.46975369200509987,0.13697318007662834
1170,0.537525318625739,0.5142290451251438,0.09375
1171,0.508451622146611,0.4624519019276142,0.058548850574712645
1172,0.5233264690110565,0.4903315848040434,0.04370210727969349
1173,0.5307639938631513,0.49962518530989286,0.1909722222222222
1174,0.5280593963448682,0.48900431711574044,0.09614463601532566
1175,0.540905981007033,0.5042718806902128,0.16103927203065135
1176,0.5436105785253157,0.5168837902469595,0.07519157088122605
1177,0.526707266618846,0.5022806295824082,0.0821360153256705
1178,0.5442867110015747,0.49497869967478303,0.060225095785440615
1179,0.5354969211969626,0.5142290451251438,0.133022030651341
1180,0.5240026691005631,0.49962518530989286,0.1671455938697318
1181,0.5321163264289165,0.49630617710829583,0.13972701149425287
1182,0.5023664298602818,0.4797109962701708,0.020234674329501913
1183,0.4881677154720948,0.46444294329020874,0.08034003831417624
1184,0.4678836735710833,0.4471844781832818,0.09494731800766282
1185,0.48884371272185845,0.4471844781832818,0.20569923371647508
1186,0.501690297384023,0.44917530980066644,0.15601053639846743
1187,0.5145368144329402,0.4903315848040434,0.06872605363984674
1188,0.4996618323419991,0.4730728400368366,0.04298371647509578
1189,0.5057470246283281,0.47705569182779517,0.04920977011494252
1190,0.507775489670352,0.4730728400368366,0.20725574712643677
1191,0.47126440356562516,0.4266060959788486,0.28053160919540227
1192,0.4516564941408726,0.4120023759937378,0.10692049808429119
1193,0.48073019062000044,0.41996835923593456,0.17696360153256704
1194,0.4705882710893664,0.4372271040031409,0.06944444444444445
1195,0.4996618323419991,0.4478477624520837,0.21467911877394635
1196,0.4962812375739528,0.46046016141432033,0.1985153256704981
1197,0.5158891469987054,0.483029654896418,0.12296455938697318
1198,0.5348207887207038,0.4750642309747809,0.21168582375478928
1199,0.5665990827181148,0.5188755307602536,0.0878831417624521
1200,0.5510479005376671,0.5109098970934066,0.04250478927203065
1201,0.5584854253897614,0.5182119668311721,0.03723659003831417
1202,0.5733602722542074,0.5288328350253245,0.11242816091954022
1203,0.5814739295825605,0.5520661720967835,0.07950191570881227
1204,0.5848545243506066,0.5407809709077801,0.02238984674329502
1205,0.5970249765365127,0.5454278760333097,0.06202107279693487
1206,0.6024340363465831,0.5666696124216145,0.0880028735632184
1207,0.5740364047304659,0.5427724317607941,0.1446360153256705
1208,0.5814739295825605,0.529496398954406,0.14583333333333334
1209,0.5341445886311972,0.5129014977765608,0.29789272030651337
1210,0.5699796774861611,0.49763344479659877,0.23826628352490423
1211,0.6288032705339236,0.5633506042200175,0.24545019157088124
1212,0.6064908988173833,0.5826010895005184,0.2744252873563218
1213,0.586206856916372,0.5640145177244488,0.7209051724137931
1214,0.57606486977249,0.5155560331531667,0.2388649425287356
1215,0.5733602722542074,0.5075911685520896,0.16977969348659003
1216,0.565922950241856,0.4810382639584737,0.264367816091954
1217,0.6375929251120401,0.5892391059037122,0.19169061302681992
1218,0.6477349122559218,0.5965414553017575,0.12272509578544061
1219,0.65449623701851,0.6025154882854503,0.08848180076628351
1220,0.661257561781098,0.6157911715164887,0.07507183908045978
1221,0.6592291643523215,0.619774093222517,0.10021551724137931
1222,0.6409735198800864,0.5945494351281838,0.13709291187739464
1223,0.6463825796901567,0.5945494351281838,0.1743295019157088
1224,0.6362406601595226,0.5965414553017575,0.08955938697318008
1225,0.6457065824403935,0.6101493050302212,0.10404693486590039
1226,0.6125759558772171,0.5876033729267035,0.18726053639846743
1227,0.6267748054918995,0.5471538693656491,0.17863984674329503
1228,0.5943205142447251,0.552458465554383,0.1372126436781609
1229,0.6152805533955,0.5418492731769154,0.6982758620689655
1230,0.6159566858717588,0.5816354924691681,0.07195881226053638
1231,0.65990529682858,0.5929080390305072,0.06501436781609196
1232,0.6720756814012386,0.6333580319970512,0.05771072796934865
1233,0.6416496523563452,0.6061707180585311,0.06154214559386973
1234,0.6396213901540643,0.6108121698086032,0.08884099616858238
1235,0.635564460070016,0.5895928761577586,0.047174329501915704
1236,0.65449623701851,0.6074966573605046,0.04346264367816092
1237,0.6855982633131666,0.6207591965583886,0.07435344827586207
1238,0.689655125783967,0.6479464405818388,0.10632183908045978
1239,0.693035788165261,0.6645242824826113,0.10404693486590039
1240,0.6484110447321808,0.6101493050302212,0.12631704980842912
1241,0.6524677719764856,0.6035179305586743,0.1793582375478927
1242,0.6497633096846983,0.6094862305066296,0.035919540229885055
1243,0.6484110447321808,0.6068335828369128,0.07710727969348657
1244,0.6484110447321808,0.6002027676859257,0.05136494252873563
1245,0.653820104542251,0.6214220613367704,0.05387931034482759
1246,0.6342123303439938,0.6041814944877558,0.1539750957854406
1247,0.65449623701851,0.5842882100539549,0.14415708812260536
1248,0.625422540539382,0.5882667970256449,0.04322318007662835
1249,0.6335361978677351,0.5690365871154356,0.18666187739463602
1250,0.6524677719764856,0.6167802600113484,0.09841954022988506
1251,0.6585529642628148,0.6280530163178973,0.08656609195402298
1252,0.660581429304839,0.615454180879235,0.048730842911877396
1253,0.6558485019710275,0.6247376436999391,0.045737547892720304
1254,0.65990529682858,0.6234110751623355,0.03675766283524904
1255,0.6727518138774972,0.6101493050302212,0.09111590038314177
1256,0.689655125783967,0.6545772557328259,0.13685344827586207
1257,0.693035788165261,0.6578931876713442,0.08548850574712644
1258,0.7011494454936144,0.6572301131477526,0.07387452107279693
